blind_id,first_gaze_s,gaze_to_stimulus_latency_s,precue_fixation_0_1,offroad_dwell_total_s,longest_offroad_dwell_s,apparent_lean_in_0_1,approach_to_board_0_3,line_departure_0_2,notes,set,pid,route,event,qtype,target,strategy,collision,flag5s,start_s,content_end_s,cue_s,ans_s,collision_s,fg_raw,lat_entered,GLITCH,latency_s,precue_fixation_0_1_n,apparent_lean_in_0_1_n,approach_to_board_0_3_n,line_departure_0_2_n,no_acquisition,approach,lean,linedep,dualzoom,visualID,folder,imu_rows,has_imu,roll_p95,pitch_p95,transl_p95,resting_lin
CLIP_000547,0,,1.0,,,0.0,0.0,0.0,,D,37_RT,3,Q3,Sign,Markings,Not_Applicable,0,0,31.29,38.37,33.29,37.37,,0.0,,False,0.0,1.0,0.0,0.0,0.0,False,0.0,0.0,0.0,0.0,True,R3_37,14908,True,2.875776826709168,1.8852121665044592,0.045271598091141146,0.028208457176816387
CLIP_082CF2,3.554,,0.0,,,1.0,0.0,0.0,attempt to look at the sign as passing. Don’t stop but seem to struggle,D,24_RT,3,Q1,Animal,Rabbit,Not_Applicable,0,0,9.92,15.15,11.92,14.15,,3.554,,False,1.5539999999999998,0.0,1.0,0.0,0.0,False,0.0,1.0,0.0,0.0,True,R3_24,16359,True,4.642754136766236,8.901160097207057,0.07648459002801085,0.015168075847085292
CLIP_092699,3.502,,0.0,,,0.0,0.0,0.0,,D,08_RT,3,Q3,Sign,Markings,Not_Applicable,0,0,24.53,29.25,26.53,28.25,,3.502,,False,1.5019999999999998,0.0,0.0,0.0,0.0,False,0.0,0.0,0.0,0.0,True,R3_08,20096,True,3.566094205537011,4.373356590572258,0.09523325743308576,0.02108783749246305
CLIP_098692,3.000,,1.0,,,0.0,0.0,0.0,,D,23_RT,3,Q1,Animal,Rabbit,Not_Applicable,0,0,5.36,12.1,7.36,11.1,,3.0,,False,1.0,1.0,0.0,0.0,0.0,False,0.0,0.0,0.0,0.0,True,R3_23,16367,True,1.4744515208892064,3.7595137483796583,0.038793749539848536,0.019047097065370215
CLIP_0AB025,5.824,,0.0,,,1.0,1.0,1.0,,D,36_RT,3,Q1,Animal,Rabbit,Not_Applicable,1,1,6.14,16.14,8.14,15.45,16.4,5.824,,False,3.824,0.0,1.0,1.0,1.0,False,1.0,1.0,1.0,1.0,True,R3_36,51737,True,5.220039524287816,17.372314079657524,0.07942952742580459,0.02393063213173003
CLIP_0ABDA4,2.804,,1.0,,,0.0,1.0,1.0,minor delay in taking the turn,A,20_RT,2,Q3,Animal,Squirrel,Not_Applicable,1,0,30.49,35.11,32.49,34.11,39.4,2.804,,False,0.8039999999999998,1.0,0.0,1.0,1.0,False,1.0,0.0,1.0,0.0,True,R2_20,14664,True,2.318040002229509,5.7724649334294895,0.04043069439285234,0.016541919410673275
CLIP_0C6813,3.434,,0.0,,,0.0,,0.0,slowed down,C,35_RT,2,Q1,Name,Name1,Visual_Search,0,0,8.72,15.84,10.72,14.84,,3.434,,False,1.4340000000000002,0.0,0.0,,0.0,False,0.0,0.0,0.0,0.0,False,R2_35,17461,True,2.2511762227089234,1.4277591966565975,0.05995825101710609,0.014178710285283329
CLIP_11393F,2.420,,1.0,,,1.0,1.0,1.0,"fast approach (5mph), delayed taking the turn",D,33_RT,3,Q3,Sign,Markings,Not_Applicable,0,0,20.76,26.08,22.76,25.08,,2.42,,False,0.4199999999999999,1.0,1.0,1.0,1.0,False,1.0,1.0,1.0,1.0,True,R3_33,11989,True,4.18017840458387,5.532996061686488,0.09266494504553828,0.026015714480578447
CLIP_156AFE,,0,0.0,,,0.0,0.0,1.0,minor delay in taking the turn,A,04_RT,2,Q3,Animal,Squirrel,Not_Applicable,1,0,48.2,52.36,50.2,51.36,56.98,,0.0,False,,0.0,0.0,0.0,1.0,True,0.0,0.0,1.0,0.0,True,R2_04,27682,True,1.712163515251122,2.5713588254232405,0.0192861764240137,0.016684908421951285
CLIP_159857,,,0.0,,,0.0,,0.0,Name from working memory,C,07_RT,2,Q1,Name,Name1,Working_Memory,0,0,10.51,14.73,12.51,13.73,,,,False,,0.0,0.0,,0.0,False,0.0,0.0,0.0,0.0,False,R2_07,17248,True,1.0742657122876764,1.0316451779851932,0.020079778439709522,0.019735624500391187
CLIP_1736BD,2.724,,0.0,,,0.0,0.0,0.0,,D,31_RT,3,Q3,Sign,Markings,Not_Applicable,0,0,21.86,26.37,23.86,25.37,,2.724,,False,0.7240000000000002,0.0,0.0,0.0,0.0,False,0.0,0.0,0.0,0.0,True,R3_31,0,False,,,,
CLIP_1E5916,3.021,,0.0,,,0.0,0.0,0.0,,D,35_RT,3,Q3,Sign,Markings,Not_Applicable,0,0,33.36,40.66,35.36,39.66,,3.021,,False,1.021,0.0,0.0,0.0,0.0,False,0.0,0.0,0.0,0.0,True,R3_35,15633,True,2.4557227548250067,2.631065331942009,0.027785112990319247,0.013317076492428559
CLIP_1E9072,,,0.0,,,0.0,,0.0,Name from working memory,C,26_RT,2,Q1,Name,Name1,Working_Memory,0,0,7.73,12.36,9.73,11.36,,,,False,,0.0,0.0,,0.0,False,0.0,0.0,0.0,0.0,False,R2_26,16770,True,3.2025325503023923,7.38677192863905,0.09467738306043871,0.010396855083321787
CLIP_211EFE,3.190,,0.0,,,0.0,,0.0,Name from visual search,C,09_RT,2,Q1,Name,Name1,Visual_Search,0,0,14.01,18.07,16.01,17.07,,3.19,,False,1.19,0.0,0.0,,0.0,False,0.0,0.0,0.0,0.0,False,R2_09,19524,True,6.487370823949934,4.007809492809628,0.09571979417291424,0.01373737251139271
CLIP_21AD6D,,,0.0,,,0.0,0.0,0.0,Didn’t look at target,B,35_RT,2,Q3,Animal,Squirrel,Not_Applicable,0,0,39.5,44.06,41.5,43.06,,,,False,,0.0,0.0,0.0,0.0,True,0.0,0.0,0.0,0.0,True,R2_35,17461,True,0.789009754310718,1.4282716048365618,0.019572342328638543,0.014178710285283329
CLIP_21F753,,,0.0,,,0.0,1.0,1.0,Slowed to check ,D,11_RT,3,Q1,Animal,Rabbit,Not_Applicable,0,0,8.78,15.87,10.78,14.87,,,,False,,0.0,0.0,1.0,1.0,True,1.0,0.0,1.0,0.0,True,R3_11,18984,True,6.806746541643073,16.815278953775373,0.17832090262577538,0.02705002005281562
CLIP_236388,3.321,,0.0,,,0.0,,0.0,Name from visual search,C,27_RT,2,Q1,Name,Name1,Visual_Search,0,0,11.39,16.0,13.39,15.0,,3.321,,False,1.3210000000000002,0.0,0.0,,0.0,False,0.0,0.0,0.0,0.0,False,R2_27,19103,True,2.547481153029142,21.150100740283825,0.12972936964941606,0.010124806415087374
CLIP_23C07A,,0,1.0,,,1.0,1.0,1.0,"fast approach (5mph), delayed taking the turn",D,16_RT,3,Q3,Sign,Markings,Not_Applicable,0,0,16.73,21.74,18.73,20.74,,,0.0,False,0.0,1.0,1.0,1.0,1.0,False,1.0,1.0,1.0,1.0,True,R3_16,10909,True,2.4305422272707196,3.4568716404407596,0.036313824597008534,0.014422663912498784
CLIP_23D46C,4.151,,0.0,,,0.0,,0.0,visual search for name,C,08_RT,2,Q1,Name,Name1,Visual_Search,0,0,8.87,14.49,10.87,13.49,,4.151,,False,2.151,0.0,0.0,,0.0,False,0.0,0.0,0.0,0.0,False,R2_08,21956,True,5.639824560523856,6.372189449114813,0.0844091697205451,0.023448249419420704
CLIP_266BC1,3.121,,0.0,,,0.0,,0.0,visual search for name,C,28_RT,2,Q1,Name,Name1,Visual_Search,0,0,9.64,13.86,11.64,12.86,,3.121,,False,1.121,0.0,0.0,,0.0,False,0.0,0.0,0.0,0.0,False,R2_28,14791,True,4.646567935789133,2.6416675165643935,0.03818624901662776,0.013975801424120656
CLIP_26D764,2.737,,0.0,,,1.0,1.0,1.0,slowed right dow,D,27_RT,3,Q1,Animal,Rabbit,Not_Applicable,0,0,8.59,15.25,10.59,14.25,,2.737,,False,0.7370000000000001,0.0,1.0,1.0,1.0,False,1.0,1.0,1.0,1.0,True,R3_27,16712,True,2.4424453460480295,7.266272619265168,0.09485199529754479,0.011786154148239868
CLIP_27EA51,, ,1.0,,,0.0,0.0,0.0,,B,23_RT,2,Q3,Animal,Squirrel,Not_Applicable,0,0,35.49,39.91,37.49,38.91,,,,False,0.0,1.0,0.0,0.0,0.0,False,0.0,0.0,0.0,0.0,True,R2_23,16945,True,7.026338127747621,4.494104032366695,0.08156217127309527,0.019986624416380893
CLIP_2B3CCE,3.495,,0.0,,,0.0,0.0,0.0,,D,26_RT,3,Q1,Animal,Rabbit,Not_Applicable,0,0,8.52,13.99,10.52,12.99,,3.495,,False,1.495,0.0,0.0,0.0,0.0,False,0.0,0.0,0.0,0.0,True,R3_26,11866,True,2.8576580303183836,5.8105596538434945,0.049865750400810004,0.012287320769625958
CLIP_2C9F04,,0,1.0,,,0.0,0.0,0.0,,B,28_RT,2,Q3,Animal,Squirrel,Not_Applicable,0,0,28.77,33.07,30.77,32.07,,,0.0,False,0.0,1.0,0.0,0.0,0.0,False,0.0,0.0,0.0,0.0,True,R2_28,14791,True,1.6945344856609756,1.425170384697151,0.024284174289414456,0.013975801424120656
CLIP_2E1D71,0.964,,1.0,,,0.0,0.0,0.0,,D,13_RT,3,Q3,Sign,Markings,Not_Applicable,0,0,56.92,61.82,58.92,60.82,,0.964,,False,0.0,1.0,0.0,0.0,0.0,False,0.0,0.0,0.0,0.0,True,R3_13,22280,True,3.6239418826754752,2.496102387657801,0.06675652876026689,0.026757877661110867
CLIP_2E741A,,0,1.0,,,0.0,0.0,0.0,low speed,B,06_RT,2,Q3,Animal,Squirrel,Not_Applicable,0,0,50.7,54.88,52.7,53.88,,,0.0,False,0.0,1.0,0.0,0.0,0.0,False,0.0,0.0,0.0,0.0,True,R2_06,22333,True,3.269622803797516,4.879565174413656,0.1775811812114055,0.017866824029690913
CLIP_302472,4.107,,0.0,,,0.0,1.0,1.0,major delay in turn,D,25_RT,3,Q1,Animal,Rabbit,Not_Applicable,0,0,6.75,12.52,8.75,11.52,,4.107,,False,2.107,0.0,0.0,1.0,1.0,False,1.0,0.0,1.0,0.0,True,R3_25,11989,True,2.145563645961991,3.1863859859285895,0.02903173681744154,0.017457849430434668
CLIP_307EDA,,0,1.0,,,0.0,0.0,0.0,,D,19_RT,3,Q3,Sign,Markings,Not_Applicable,0,0,38.46,42.66,40.46,41.66,,,0.0,False,0.0,1.0,0.0,0.0,0.0,False,0.0,0.0,0.0,0.0,True,R3_19,15814,True,2.6167133729499623,1.5384597441625827,0.032853101820244174,0.012788424752745697
CLIP_30994B,,0,1.0,,,0.0,0.0,0.0,,D,24_RT,3,Q3,Sign,Markings,Not_Applicable,0,0,31.14,35.45,33.14,34.45,,,0.0,False,0.0,1.0,0.0,0.0,0.0,False,0.0,0.0,0.0,0.0,True,R3_24,16359,True,4.973451633610145,3.320904513154854,0.047572424478876,0.015168075847085292
CLIP_341475,,0,1.0,,,0.0,0.0,0.0,,D,14_RT,3,Q1,Animal,Rabbit,Not_Applicable,0,0,6.59,12.75,8.59,11.75,,,0.0,False,0.0,1.0,0.0,0.0,0.0,False,0.0,0.0,0.0,0.0,True,R3_14,13640,True,7.293405139642672,9.585069336018638,0.1137673427618033,0.03418084473261671
CLIP_34F144,,0,1.0,,,0.0,0.0,0.0,,D,17_RT,3,Q3,Sign,Markings,Not_Applicable,0,0,38.33,42.71,40.33,41.71,,,0.0,False,0.0,1.0,0.0,0.0,0.0,False,0.0,0.0,0.0,0.0,True,R3_17,15599,True,3.6361313511065583,2.2950148405154525,0.05327874617711544,0.010135985985045422
CLIP_39F8B5,3.489,,0.0,,,0.0,1.0,1.0,stopped to read sign,D,04_RT,3,Q1,Animal,Rabbit,Not_Applicable,0,0,14.67,22.19,16.67,21.19,,3.489,,False,1.489,0.0,0.0,1.0,1.0,False,1.0,0.0,1.0,0.0,True,R3_04,19943,True,4.4711370619098325,3.766440011176821,0.07234569369127401,0.01316228147990417
CLIP_4097B9,3.190,,0.0,,,0.0,0.0,0.0,,D,25_RT,3,Q3,Sign,Markings,Not_Applicable,1,1,21.39,25.78,23.39,24.78,29.42,3.19,,False,1.19,0.0,0.0,0.0,0.0,False,0.0,0.0,0.0,0.0,True,R3_25,11989,True,2.763335237303759,4.325580007939934,0.0719429782787245,0.017457849430434668
CLIP_444F9F,,,0.0,,,0.0,,0.0,Name from working memory,C,02_RT,2,Q1,Name,Name1,Working_Memory,1,0,24.59,28.22,26.59,30.99,28.32,,,False,,0.0,0.0,,0.0,False,0.0,0.0,0.0,0.0,False,R2_02,40040,True,19.254615325361968,21.719497104703436,0.14605470555887687,0.009803979547889394
CLIP_44FB08,3.763,,0.0,,,0.0,1.0,1.0,slowed right down to see sign,D,37_RT,3,Q1,Animal,Rabbit,Not_Applicable,0,0,8.12,14.82,10.12,13.82,,3.763,,False,1.763,0.0,0.0,1.0,1.0,False,1.0,0.0,1.0,0.0,True,R3_37,14908,True,3.6110813317792374,5.11952350434509,0.05598377516991027,0.028208457176816387
CLIP_45EEA9,,,0.0,,,0.0,,0.0,Name from working memory,C,01_RT,2,Q1,Name,Name1,Working_Memory,0,0,5.09,10.99,7.09,9.99,,,,False,,0.0,0.0,,0.0,False,0.0,0.0,0.0,0.0,False,R2_01,94946,True,3.7890688188575288,3.270952993849619,0.06598325131122501,0.012076624441871582
CLIP_47D1F1,2.590,,0.0,,,0.0,0.0,0.0,,D,15_RT,3,Q1,Animal,Rabbit,Not_Applicable,0,0,7.89,13.14,9.89,12.14,,2.59,,False,0.5899999999999999,0.0,0.0,0.0,0.0,False,0.0,0.0,0.0,0.0,True,R3_15,13448,True,5.9300058417429735,3.410154584081394,0.06617238402405916,0.01963512687309487
CLIP_4A91C5,3.158,,1.0,,,0.0,1.0,1.0,slowed right down to see squirrel,B,19_RT,2,Q3,Animal,Squirrel,Not_Applicable,0,0,61.03,67.47,63.03,66.47,,3.158,,False,1.158,1.0,0.0,1.0,1.0,False,1.0,0.0,1.0,0.0,True,R2_19,23315,True,2.2165590634713337,1.7581934298400086,0.04141965552855105,0.010255364098780985
CLIP_4DDD00,4.955,,0.0,,,0.0,1.0,1.0,minor delay in taking the turn,D,35_RT,3,Q1,Animal,Rabbit,Not_Applicable,0,0,8.13,16.07,10.13,15.07,,4.955,,False,2.955,0.0,0.0,1.0,1.0,False,1.0,0.0,1.0,0.0,True,R3_35,15633,True,8.797653372231899,18.081902018397553,0.11282345571137906,0.013317076492428559
CLIP_4DF081,1.679,,0.0,,,0.0,1.0,1.0,slowed right down to see rabbit,D,13_RT,3,Q1,Animal,Rabbit,Not_Applicable,0,0,19.21,24.78,21.21,23.78,,1.679,,False,0.0,0.0,0.0,1.0,1.0,False,1.0,0.0,1.0,0.0,True,R3_13,22280,True,5.750391976955058,6.46372998270671,0.09035157516402195,0.026757877661110867
CLIP_5046EE,3.443,,0.0,,,0.0,0.0,0.0,low speed,D,09_RT,3,Q1,Animal,Rabbit,Not_Applicable,0,0,14.7,20.01,16.7,19.01,,3.443,,False,1.443,0.0,0.0,0.0,0.0,False,0.0,0.0,0.0,0.0,True,R3_09,18087,True,1.7157635392689266,4.602573296431107,0.03075676797269899,0.01052770812998848
CLIP_517256,3.048,,0.0,,,0.0,0.0,0.0,,D,29_RT,3,Q3,Sign,Markings,Not_Applicable,0,0,20.53,25.02,22.53,24.02,,3.048,,False,1.048,0.0,0.0,0.0,0.0,False,0.0,0.0,0.0,0.0,True,R3_29,12066,True,4.655223927814681,3.7494437115267374,0.09688071109498014,0.02447153188879135
CLIP_53067F,3.246,,0.0,,,0.0,,0.0,Quick confirmation glance at Name. Probably from memory,C,16_RT,2,Q1,Name,Name1,Visual_Search,0,0,4.62,9.01,6.62,8.01,,3.246,,False,1.246,0.0,0.0,,0.0,False,0.0,0.0,0.0,0.0,False,R2_16,12825,True,2.778496648399139,3.5518515894162093,0.04280225711920501,0.016385748292778123
CLIP_539DBE,2.943,,1.0,,,1.0,0.0,0.0,Lean to the left to get a look at the no markings sign,D,11_RT,3,Q3,Sign,Markings,Not_Applicable,0,0,30.21,35.54,32.21,34.54,,2.943,,False,0.943,1.0,1.0,0.0,0.0,False,0.0,1.0,0.0,0.0,True,R3_11,18984,True,6.221633124922815,14.112233708680085,0.13981981285503528,0.02705002005281562
CLIP_574076,4.922,,0.0,,,1.0,,1.0,slowed down and delayed turn,C,30_RT,2,Q1,Name,Name1,Visual_Search,1,1,10.31,18.04,12.31,17.04,18.65,4.922,,False,2.9219999999999997,0.0,1.0,,1.0,False,0.0,1.0,1.0,0.0,False,R2_30,18962,True,3.33666536017349,2.443560174454807,0.04997175680421985,0.017804718570135596
CLIP_57F3C7,4.566,,0.0,,,1.0,0.0,1.0,slowed down to see the rabbit,D,34_RT,3,Q1,Animal,Rabbit,Not_Applicable,0,0,5.88,11.84,7.88,10.84,,4.566,,False,2.566,0.0,1.0,0.0,1.0,False,0.0,1.0,1.0,0.0,True,R3_34,15955,True,2.798866020070946,4.767282167768776,0.046286496428729215,0.019882981934531592
CLIP_5887CF,3.957,,0.0,,,0.0,0.0,1.0,slowed down to see the squirrel and take the bend,B,10_RT,2,Q3,Animal,Squirrel,Not_Applicable,0,0,46.54,52.68,48.54,51.68,,3.957,,False,1.957,0.0,0.0,0.0,1.0,False,0.0,0.0,1.0,0.0,True,R2_10,0,False,,,,
CLIP_58AE3C,,,0.0,,,0.0,0.0,0.0,Name from working memory,C,17_RT,2,Q1,Name,Name1,Working_Memory,0,0,17.74,23.15,19.74,22.15,,,,False,,0.0,0.0,0.0,0.0,False,0.0,0.0,0.0,0.0,False,R2_17,27514,True,1.6747758121833778,15.950172817992078,0.07737337030129576,0.00864781819832778
CLIP_58B634,2.968,,0.0,,,0.0,1.0,1.0,Slowed down to see the rabbit,D,19_RT,3,Q1,Animal,Rabbit,Not_Applicable,0,0,10.66,15.95,12.66,14.95,,2.968,,False,0.968,0.0,0.0,1.0,1.0,False,1.0,0.0,1.0,0.0,True,R3_19,15814,True,10.093183613554942,21.013825595709278,0.11984358098933431,0.012788424752745697
CLIP_5BE5A5,"4,284",,0.0,,,0.0,0.0,0.0,,D,36_RT,3,Q3,Sign,Markings,Not_Applicable,0,0,194.67,200.97,196.67,199.97,,4.284,,False,2.284,0.0,0.0,0.0,0.0,False,0.0,0.0,0.0,0.0,True,R3_36,51737,True,3.351856303729229,6.987926281570586,0.09214756917380745,0.02393063213173003
CLIP_5C89DD,3.986,,1.0,,,0.0,0.0,0.0,,D,12_RT,3,Q3,Sign,Markings,Not_Applicable,0,0,36.9,41.67,38.9,40.67,,3.986,,False,1.986,1.0,0.0,0.0,0.0,False,0.0,0.0,0.0,0.0,True,R3_12,21078,True,4.227258408163842,0.7913822943314327,0.018609876701420783,0.012267483395930878
CLIP_5FFAB8,,,0.0,,,0.0,0.0,0.0,Name from working memory,C,12_RT,2,Q1,Name,Name1,Working_Memory,0,0,11.05,15.45,13.05,14.45,,,,False,,0.0,0.0,0.0,0.0,False,0.0,0.0,0.0,0.0,False,R2_12,20182,True,0.7778745763971369,3.11837549960043,0.013613565094670751,0.01629362133284485
CLIP_60EEE0,,,0.0,,,0.0,0.0,1.0,"Looked at wrong stimuli, and the effort made them veer off track",A,36_RT,2,Q3,Animal,Squirrel,Not_Applicable,1,1,33.91,38.86,35.91,37.86,41.22,,,False,,0.0,0.0,0.0,1.0,True,0.0,0.0,1.0,0.0,True,R2_36,15355,True,3.684504952639756,3.634450423886392,0.10299332303452965,0.02820865867069444
CLIP_650CB5,4.284,,0.0,,,1.0,0.0,0.0,Leaned a bit left to read the Markings sign,D,06_RT,3,Q3,Sign,Markings,Not_Applicable,0,0,115.56,121.47,117.56,120.47,,4.284,,False,2.284,0.0,1.0,0.0,0.0,False,0.0,1.0,0.0,0.0,True,R3_06,35130,True,1.2776524354910577,22.895097279921842,0.011533009291011373,0.013311312854630367
CLIP_65BE59,2.845,,0.0,,,1.0,1.0,1.0,slowed down to see the rabbit,D,16_RT,3,Q1,Animal,Rabbit,Not_Applicable,0,0,2.15,8.65,4.15,7.65,,2.845,,False,0.8450000000000002,0.0,1.0,1.0,1.0,False,1.0,1.0,1.0,1.0,True,R3_16,10909,True,1.4252083833508318,4.583027396758128,0.035593957801903435,0.014422663912498784
CLIP_667750,5.714,,0.0,,,0.0,1.0,1.0,came to a crawl to see the rabbit,D,02_RT,3,Q1,Animal,Rabbit,Not_Applicable,0,0,14.93,23.36,16.93,22.36,,5.714,,False,3.714,0.0,0.0,1.0,1.0,False,1.0,0.0,1.0,0.0,True,R3_02,25738,True,3.444480209678588,10.052405121488846,0.05766846424555789,0.011317451580076302
CLIP_67E005,,0,1.0,,,0.0,0.0,1.0,minor delay in taking the turn,A,17_RT,2,Q3,Animal,Squirrel,Not_Applicable,1,1,46.15,50.43,48.15,49.43,52.89,,0.0,False,0.0,1.0,0.0,0.0,1.0,False,0.0,0.0,1.0,0.0,True,R2_17,27514,True,2.200782649682944,2.4019406852454392,0.04038139669966434,0.00864781819832778
CLIP_68D313,,0,1.0,,,0.0,0.0,0.0,,D,26_RT,3,Q3,Sign,Markings,Not_Applicable,0,0,23.69,27.85,25.69,26.85,,,0.0,False,0.0,1.0,0.0,0.0,0.0,False,0.0,0.0,0.0,0.0,True,R3_26,11866,True,1.8416465206435708,3.1865999512046828,0.046173519283645194,0.012287320769625958
CLIP_69975D,,0,1.0,,,0.0,0.0,0.0,,B,05_RT,2,Q3,Animal,Squirrel,Not_Applicable,0,0,35.03,38.78,37.03,37.78,,,0.0,False,0.0,1.0,0.0,0.0,0.0,False,0.0,0.0,0.0,0.0,True,R2_05,19121,True,1.96140252421206,3.173014796141507,0.03037764929299364,0.020091485414044312
CLIP_69E1E1,4.588,,0.0,,,1.0,,1.0,Attempting to confirm working memory by checking the NAME ,C,11_RT,2,Q1,Name,Name1,Working_Memory,0,0,13.81,19.17,15.81,18.17,,4.588,,False,2.588,0.0,1.0,,1.0,False,0.0,1.0,1.0,0.0,False,R2_11,14739,True,3.3007261929616547,3.8503372319665683,0.055706418561730905,0.03653183842894891
CLIP_6AC0AF,3.248,,1.0,,,0.0,0.0,0.0,Steady low speed,D,32_RT,3,Q3,Sign,Markings,Not_Applicable,0,0,131.31,136.48,133.31,135.48,,3.248,,False,1.2480000000000002,1.0,0.0,0.0,0.0,False,0.0,0.0,0.0,0.0,True,R3_32,36692,True,1.5362640027765266,1.4545558052555378,0.017448461365902737,0.009192108845061539
CLIP_71F0F8,3.286,,0.0,,,0.0,0.0,0.0,,D,29_RT,3,Q1,Animal,Rabbit,Not_Applicable,0,0,5.01,10.17,7.01,9.17,,3.286,,False,1.286,0.0,0.0,0.0,0.0,False,0.0,0.0,0.0,0.0,True,R3_29,12066,True,3.991432956096897,6.192738125700169,0.0699178383083868,0.02447153188879135
CLIP_7641E4,,0,1.0,,,1.0,1.0,1.0,leaning into see the squirrel,A,03_RT,2,Q3,Animal,Squirrel,Not_Applicable,1,1,52.54,59.87,54.54,58.87,62.37,,0.0,False,0.0,1.0,1.0,1.0,1.0,False,1.0,1.0,1.0,1.0,True,R2_03,23892,True,2.255103784986521,1.320553615494447,0.019915427812095546,0.007494949646411387
CLIP_7662D2,,0,1.0,,,1.0,0.0,1.0,delayed turn to see rabbit,D,22_RT,3,Q1,Animal,Rabbit,Not_Applicable,0,0,5.99,10.48,7.99,9.48,,,0.0,False,0.0,1.0,1.0,0.0,1.0,False,0.0,1.0,1.0,0.0,True,R3_22,14516,True,5.895718196718444,3.9213224928168335,0.051302836736424225,0.012348270356240896
CLIP_79FB28,3.852,,0.0,,,0.0,1.0,1.0,delayed turn to see squirrel - possible lean in. Hard to tell. ,A,37_RT,2,Q3,Animal,Squirrel,Not_Applicable,1,1,30.86,37.25,32.86,36.25,39.14,3.852,,False,1.852,0.0,0.0,1.0,1.0,False,1.0,0.0,1.0,0.0,True,R2_37,15963,True,2.0470192907439753,2.315578332642673,0.06950391761105497,0.030213436267139453
CLIP_7A6A03,3.886,,0.0,,,0.0,0.0,0.0,Name from visual search,C,37_RT,2,Q1,Name,Name1,Visual_Search,0,0,8.08,13.49,10.08,12.49,,3.886,,False,1.886,0.0,0.0,0.0,0.0,False,0.0,0.0,0.0,0.0,False,R2_37,15963,True,2.2497642654882894,3.2913988064810837,0.05226112812710963,0.030213436267139453
CLIP_7C4EA4,3.284,,0.0,,,0.0,0.0,0.0,,C,34_RT,2,Q1,Name,Name1,Visual_Search,1,1,7.75,12.26,9.75,11.26,14.03,3.284,,False,1.2839999999999998,0.0,0.0,0.0,0.0,False,0.0,0.0,0.0,0.0,False,R2_34,14134,True,2.1858507637745896,2.4240484526604966,0.04272547528605305,0.030369092758333577
CLIP_7DC4D4,,0,1.0,,,0.0,0.0,1.0,minor delay in taking the turn,D,17_RT,3,Q1,Animal,Rabbit,Not_Applicable,0,0,13.57,18.18,15.57,17.18,,,0.0,False,0.0,1.0,0.0,0.0,1.0,False,0.0,0.0,1.0,0.0,True,R3_17,15599,True,4.036897155550649,16.45073663659491,0.09445202476741273,0.010135985985045422
CLIP_7EB239,4.108,,0.0,,,1.0,1.0,1.0,delays turn to look at squirrel,B,33_RT,2,Q3,Animal,Squirrel,Not_Applicable,0,0,21.65,29.36,23.65,28.36,,4.108,,False,2.1079999999999997,0.0,1.0,1.0,1.0,False,1.0,1.0,1.0,1.0,True,R2_33,11328,True,5.382500561141849,5.479369342936959,0.14692554089811924,0.029311416819965047
CLIP_7FB941,2.633,,0.0,,,1.0,1.0,1.0,major delay in turn to look at squirrel,A,07_RT,2,Q3,Animal,Squirrel,Not_Applicable,1,1,35.1,40.06,37.1,39.06,41.46,2.633,,False,0.633,0.0,1.0,1.0,1.0,False,1.0,1.0,1.0,1.0,True,R2_07,17248,True,4.610571088381382,4.429466723630049,0.08450848573914871,0.019735624500391187
CLIP_82FD23,4.448,,0.0,,,0.0,,0.0,,C,13_RT,2,Q1,Name,Name1,Visual_Search,0,0,21.79,27.46,23.79,26.46,,4.448,,False,2.4480000000000004,0.0,0.0,,0.0,False,0.0,0.0,0.0,0.0,False,R2_13,34297,True,2.5691079922614026,12.536846725263809,0.057384178369681425,0.026000758798081346
CLIP_86979D,,,0.0,,,0.0,,0.0,Name from working memory,C,18_RT,2,Q1,Name,Name1,Working_Memory,0,0,10.96,15.28,12.96,14.28,,,,False,,0.0,0.0,,0.0,False,0.0,0.0,0.0,0.0,False,R2_18,25034,True,3.086485061512766,8.549704906566717,0.0887568633367489,0.02551943835083766
CLIP_86F792,3.065,,1.0,,,1.0,1.0,1.0,slows down and delays turn to look at rabbit,D,31_RT,3,Q1,Animal,Rabbit,Not_Applicable,0,0,3.05,9.06,5.05,8.06,,3.065,,False,1.065,1.0,1.0,1.0,1.0,False,1.0,1.0,1.0,1.0,True,R3_31,0,False,,,,
CLIP_87AFC9,2.400,,1.0,,,1.0,0.0,0.0,"steady low speed, leaned to track squirrel but kept course",B,16_RT,2,Q3,Animal,Squirrel,Not_Applicable,0,0,21.58,29.84,23.58,28.84,,2.4,,False,0.3999999999999999,1.0,1.0,0.0,0.0,False,0.0,1.0,0.0,0.0,True,R2_16,12825,True,3.987751362835122,2.6569657500503214,0.03569104747714074,0.016385748292778123
CLIP_8B420C,2.990,,0.0,,,1.0,0.0,1.0,went from 4mph to 0 in order to see the rabbit sign,D,20_RT,3,Q1,Animal,Rabbit,Not_Applicable,0,0,3.33,11.71,5.33,10.71,,2.99,,False,0.9900000000000002,0.0,1.0,0.0,1.0,False,0.0,1.0,1.0,0.0,True,R3_20,13588,True,2.672590074080574,7.245702838148048,0.051318389400103706,0.015660392483294552
CLIP_8DEAC7,3.429,,0.0,,,0.0,0.0,0.0,Name from visual search,C,33_RT,2,Q1,Name,Name1,Visual_Search,0,0,5.45,10.29,7.45,9.29,,3.429,,False,1.4289999999999998,0.0,0.0,0.0,0.0,False,0.0,0.0,0.0,0.0,False,R2_33,11328,True,3.290209128627224,5.000765171764393,0.08914548820606066,0.029311416819965047
CLIP_905780,3.595,,0.0,,,0.0,0.0,0.0,,C,14_RT,2,Q1,Name,Name1,Visual_Search,0,0,11.7,16.5,13.7,15.5,,3.595,,False,1.5950000000000002,0.0,0.0,0.0,0.0,False,0.0,0.0,0.0,0.0,False,R2_14,13766,True,7.558219263439357,5.986313615455659,0.11843236972410982,0.027198745636336924
CLIP_9102EA,,0,1.0,,,0.0,0.0,0.0,,D,28_RT,3,Q3,Sign,Markings,Not_Applicable,0,0,20.18,25.31,22.18,24.31,,,0.0,False,0.0,1.0,0.0,0.0,0.0,False,0.0,0.0,0.0,0.0,True,R3_28,33136,True,0.9363971163960282,3.0749969442176286,0.01892567290012782,0.00951166487812113
CLIP_929C4E,6.107,,0.0,,,1.0,1.0,1.0,minor delay in taking the turn to view squirrel,A,15_RT,2,Q3,Animal,Squirrel,Not_Applicable,1,1,28.87,37.9,30.87,36.9,40.73,6.107,,False,4.107,0.0,1.0,1.0,1.0,False,1.0,1.0,1.0,1.0,True,R2_15,18822,True,3.475738618565178,2.3487542710365825,0.052927124208889335,0.01635416437250954
CLIP_952308,2.660,,0.0,,,1.0,0.0,1.0,slowed to stop to check squirrel sign,B,12_RT,2,Q3,Animal,Squirrel,Not_Applicable,0,0,41.64,47.7,43.64,46.7,,2.66,,False,0.6600000000000001,0.0,1.0,0.0,1.0,False,0.0,1.0,1.0,0.0,True,R2_12,20182,True,4.091767443112464,2.4331256599612585,0.07146679767872012,0.01629362133284485
CLIP_990665,,0,1.0,,,0.0,0.0,0.0,,D,14_RT,3,Q3,Sign,Markings,Not_Applicable,0,1,19.44,25.65,21.44,24.65,,,0.0,False,0.0,1.0,0.0,0.0,0.0,False,0.0,0.0,0.0,0.0,True,R3_14,13640,True,3.566779011239554,5.779556803733018,0.06862210258930837,0.03418084473261671
CLIP_9A455C,3.246,,0.0,,,1.0,1.0,1.0,straightened up steering slowed and edged toward rabbit. Delayed turn,D,06_RT,3,Q1,Animal,Rabbit,Not_Applicable,0,0,10.03,15.03,12.03,14.03,,3.246,,False,1.246,0.0,1.0,1.0,1.0,False,1.0,1.0,1.0,1.0,True,R3_06,35130,True,2.7554988617982836,5.21803572267155,0.061250758155940575,0.013311312854630367
CLIP_9DC64A,3.308,,1.0,,,,1.0,1.0,minor delay in turn to read markings sign,D,09_RT,3,Q3,Sign,Markings,Not_Applicable,0,0,45.05,49.01,47.05,48.01,,3.308,,False,1.3079999999999998,1.0,,1.0,1.0,False,1.0,,1.0,0.0,True,R3_09,18087,True,1.2697217563079595,1.1234520771544299,0.022807721964436922,0.01052770812998848
CLIP_A090A8,,,0.0,,,0.0,0.0,0.0,Did not look at the sign,D,01_RT,3,Q3,Sign,Markings,Not_Applicable,0,0,24.03,29.67,26.03,28.67,,,,False,,0.0,0.0,0.0,0.0,True,0.0,0.0,0.0,0.0,True,R3_01,19870,True,1.026910954219278,1.4556673761083792,0.013845112607462564,0.013813888111409586
CLIP_A329A4,4.222,,0.0,,,0.0,,1.0,Slowed down to read name tag,C,06_RT,2,Q1,Name,Name1,Visual_Search,0,0,15.26,20.44,17.26,19.44,,4.222,,False,2.2220000000000004,0.0,0.0,,1.0,False,0.0,0.0,1.0,0.0,False,R2_06,22333,True,9.264955829233468,8.44107753218657,0.09222487912139117,0.017866824029690913
CLIP_A345F1,3.101,,0.0,,,1.0,1.0,1.0,delay turning to see squirrel,B,01_RT,2,Q3,Animal,Squirrel,Not_Applicable,0,0,22.11,29.25,24.11,28.25,,3.101,,False,1.101,0.0,1.0,1.0,1.0,False,1.0,1.0,1.0,1.0,True,R2_01,94946,True,0.6613119578378412,4.8933815463270545,0.01230427095701621,0.012076624441871582
CLIP_A4363B,,,0.0,,,1.0,1.0,1.0,attempt to slow down to see signs but miss them,D,07_RT,3,Q1,Animal,Rabbit,Not_Applicable,0,0,7.23,12.93,9.23,11.93,,,,False,,0.0,1.0,1.0,1.0,True,1.0,1.0,1.0,1.0,True,R3_07,17668,True,16.622924026693607,30.77088216289678,0.1494766759547876,0.02099031113235806
CLIP_A541D3,,0,1.0,,,0.0,0.0,0.0,,D,04_RT,3,Q3,Sign,Markings,Not_Applicable,0,0,41.07,47.66,43.07,46.66,,,0.0,False,0.0,1.0,0.0,0.0,0.0,False,0.0,0.0,0.0,0.0,True,R3_04,19943,True,2.1233749344067885,3.7561695994492,0.04094216787265605,0.01316228147990417
CLIP_A8B537,,,1.0,,,0.0,0.0,0.0,,D,22_RT,3,Q3,Sign,Markings,Not_Applicable,0,0,24.86,29.51,26.86,28.51,,,,False,0.0,1.0,0.0,0.0,0.0,False,0.0,0.0,0.0,0.0,True,R3_22,14516,True,2.32872736190977,2.016114331921152,0.03676609544532246,0.012348270356240896
CLIP_A9545E,,,,,,0.0,0.0,0.0,Name from working memory,C,19_RT,2,Q1,Name,Name1,Working_Memory,0,0,11.57,15.83,13.57,14.83,,,,False,,,0.0,0.0,0.0,False,0.0,0.0,0.0,0.0,False,R2_19,23315,True,4.415828734706904,4.914343707228521,0.037547604875597704,0.010255364098780985
CLIP_A95696,3.098,,0.0,,,0.0,1.0,1.0,slowing for rabbit and minor delay in turning,D,08_RT,3,Q1,Animal,Rabbit,Not_Applicable,0,0,8.87,13.95,10.87,12.95,,3.098,,False,1.098,0.0,0.0,1.0,1.0,False,1.0,0.0,1.0,0.0,True,R3_08,20096,True,1.6096197508630723,3.022056806197151,0.022438078665169555,0.02108783749246305
CLIP_A9E4A8,4.694,,1.0,,,1.0,1.0,1.0,slowed down to read markings sign. Minor delay in turn,D,10_RT,3,Q3,Sign,Markings,Not_Applicable,1,1,42.59,50.43,44.59,49.43,51.66,4.694,,False,2.694,1.0,1.0,1.0,1.0,False,1.0,1.0,1.0,1.0,True,R3_10,0,False,,,,
CLIP_AB9825,3.354,,0.0,,,0.0,,0.0,Name from visual search,C,10_RT,2,Q1,Name,Name1,Visual_Search,0,0,14.18,18.75,16.18,17.75,,3.354,,False,1.354,0.0,0.0,,0.0,False,0.0,0.0,0.0,0.0,False,R2_10,0,False,,,,
CLIP_AD0486,,0,1.0,,,1.0,1.0,1.0,Leans in left and delays turn to read Markings sign,D,20_RT,3,Q3,Sign,Markings,Not_Applicable,0,0,26.68,32.2,28.68,31.2,,,0.0,False,0.0,1.0,1.0,1.0,1.0,False,1.0,1.0,1.0,1.0,True,R3_20,13588,True,2.397793392778368,3.187032637069265,0.041115650063255495,0.015660392483294552
CLIP_AD359E,,,0.0,,,0.0,,0.0,Name from working memory,C,05_RT,2,Q1,Name,Name1,Working_Memory,0,0,10.2,14.56,12.2,13.56,,,,False,,0.0,0.0,,0.0,False,0.0,0.0,0.0,0.0,False,R2_05,19121,True,4.2911670464341105,15.570609752806366,0.25956264481203173,0.020091485414044312
CLIP_AF970F,2.976,,0.0,,,0.0,0.0,0.0,,D,34_RT,3,Q3,Sign,Markings,Not_Applicable,0,0,27.62,36.7,29.62,35.7,,2.976,,False,0.976,0.0,0.0,0.0,0.0,False,0.0,0.0,0.0,0.0,True,R3_34,15955,True,3.298621546444251,2.5266278367060977,0.06429679987231204,0.019882981934531592
CLIP_B41B2C,,,1.0,,,0.0,0.0,0.0,,D,21_RT,3,Q3,Sign,Markings,Not_Applicable,1,1,25.58,29.59,27.58,28.59,32.22,,,False,0.0,1.0,0.0,0.0,0.0,False,0.0,0.0,0.0,0.0,True,R3_21,16532,True,2.5361595046224834,2.09374584995861,0.028015518516655725,0.014553022791485922
CLIP_B42489,3.901,,0.0,,,0.0,0.0,1.0,stopped to look at squirrel ,B,13_RT,2,Q3,Animal,Squirrel,Not_Applicable,0,0,67.56,72.4,69.56,71.4,,3.901,,False,1.901,0.0,0.0,0.0,1.0,False,0.0,0.0,1.0,0.0,True,R2_13,34297,True,1.9108251223813753,2.957128415287386,0.03374410890202252,0.026000758798081346
CLIP_B58269,3.539,,0.0,,,0.0,,0.0,Name from visual search,C,24_RT,2,Q1,Name,Name1,Visual_Search,0,0,14.56,19.26,16.56,18.26,,3.539,,False,1.539,0.0,0.0,,0.0,False,0.0,0.0,0.0,0.0,False,R2_24,18375,True,2.140680854453681,6.493976104881729,0.05806950798594554,0.015899020081771853
CLIP_BA49B3,3.563,,0.0,,,0.0,,0.0,Name from visual search,C,31_RT,2,Q1,Name,Name1,Visual_Search,0,0,7.29,13.0,9.29,12.0,,3.563,,False,1.5630000000000002,0.0,0.0,,0.0,False,0.0,0.0,0.0,0.0,False,R2_31,0,False,,,,
CLIP_BC60DD,2.792,,0.0,,,0.0,0.0,1.0,minor delay in turn to look at squirrel,B,25_RT,2,Q3,Animal,Squirrel,Not_Applicable,0,0,27.51,32.08,29.51,31.08,,2.792,,False,0.7919999999999998,0.0,0.0,0.0,1.0,False,0.0,0.0,1.0,0.0,True,R2_25,13541,True,1.775611982138211,4.669731478431805,0.03172564210648065,0.015509274670002574
CLIP_BD84FE,,,0.0,,,0.0,0.0,0.0,,B,11_RT,2,Q3,Animal,Squirrel,Not_Applicable,0,0,42.04,46.82,44.04,45.82,,,,False,,0.0,0.0,0.0,0.0,True,0.0,0.0,0.0,0.0,True,R2_11,14739,True,2.5163139219302795,4.365981153512325,0.045652613363443936,0.03653183842894891
CLIP_BDDFE9,6.297,,0.0,,,0.0,0.0,0.0,,B,34_RT,2,Q3,Animal,Squirrel,Not_Applicable,0,0,25.54,32.48,27.54,31.48,,6.297,,False,4.297,0.0,0.0,0.0,0.0,False,0.0,0.0,0.0,0.0,True,R2_34,14134,True,3.4152083740410575,3.327886650042827,0.058791915903871825,0.030369092758333577
CLIP_BF637D,5.481,,0.0,,,1.0,1.0,1.0,slowed down and delayed turn to see rabbit,D,01_RT,3,Q1,Animal,Rabbit,Not_Applicable,0,0,8.99,15.83,10.99,14.83,,5.481,,False,3.481,0.0,1.0,1.0,1.0,False,1.0,1.0,1.0,1.0,True,R3_01,19870,True,2.800030366511834,3.129649672332301,0.018517886756161065,0.013813888111409586
CLIP_C45794,3.086,,0.0,,,0.0,0.0,0.0,,D,03_RT,3,Q3,Sign,Markings,Not_Applicable,0,0,31.12,36.46,33.12,35.46,,3.086,,False,1.086,0.0,0.0,0.0,0.0,False,0.0,0.0,0.0,0.0,True,R3_03,17795,True,1.2756577299504173,1.3832530379510217,0.01965566055850154,0.00942417961251573
CLIP_C64E27,2.310,,0.0,,,1.0,1.0,1.0,delay in turn to see the squirrel,A,08_RT,2,Q3,Animal,Squirrel,Not_Applicable,1,1,34.43,39.22,36.43,38.22,43.08,2.31,,False,0.31,0.0,1.0,1.0,1.0,False,1.0,1.0,1.0,1.0,True,R2_08,21956,True,5.081080306786326,5.683255629681014,0.07407663346527521,0.023448249419420704
CLIP_C9D003,5.034,,0.0,,,0.0,,0.0,Name from visual search,C,15_RT,2,Q1,Name,Name1,Visual_Search,0,0,11.5,17.62,13.5,16.62,,5.034,,False,3.034,0.0,0.0,,0.0,False,0.0,0.0,0.0,0.0,False,R2_15,18822,True,1.1251296771211372,2.1181713792679773,0.02950022551487923,0.01635416437250954
CLIP_CB95FD,4.460,,0.0,,,1.0,1.0,1.0,Delay in turn to read Markings Sign,D,23_RT,3,Q3,Sign,Markings,Not_Applicable,0,0,21.8,27.04,23.8,26.04,,4.46,,False,2.46,0.0,1.0,1.0,1.0,False,1.0,1.0,1.0,1.0,True,R3_23,16367,True,3.873226234552173,3.944244261741618,0.060579436172979104,0.019047097065370215
CLIP_CD6842,3.143,,0.0,,,0.0,0.0,0.0,,B,29_RT,2,Q3,Animal,Squirrel,Not_Applicable,0,0,23.63,28.45,25.63,27.45,,3.143,,False,1.1429999999999998,0.0,0.0,0.0,0.0,False,0.0,0.0,0.0,0.0,True,R2_29,12220,True,3.981151643163228,4.299612383789082,0.1295190414471543,0.028651361735986213
CLIP_CEF0A7,3.430,,0.0,,,1.0,1.0,1.0,Delay in turn to see rabbit,D,33_RT,3,Q1,Animal,Rabbit,Not_Applicable,0,0,4.12,11.04,6.12,10.04,,3.43,,False,1.4300000000000002,0.0,1.0,1.0,1.0,False,1.0,1.0,1.0,1.0,True,R3_33,11989,True,6.731424489092982,4.773238765403507,0.08929943555179194,0.026015714480578447
CLIP_D0AA7F,2.410,,0.0,,,0.0,0.0,0.0,,B,14_RT,2,Q3,Animal,Squirrel,Not_Applicable,0,0,30.55,35.73,32.55,34.73,,2.41,,False,0.4100000000000001,0.0,0.0,0.0,0.0,False,0.0,0.0,0.0,0.0,True,R2_14,13766,True,3.6693352856898644,4.4496428615411645,0.07704429589704435,0.027198745636336924
CLIP_D0ED19,3.371,,0.0,,,0.0,0.0,0.0,very low speed,D,30_RT,3,Q3,Sign,Markings,Not_Applicable,0,0,44.65,53.15,46.65,52.15,,3.371,,False,1.371,0.0,0.0,0.0,0.0,False,0.0,0.0,0.0,0.0,True,R3_30,20826,True,5.829269781606061,4.536251760706874,0.10041779034025414,0.01836574051042559
CLIP_D1108C,3.582,,0.0,,,0.0,,0.0,Name from visual search,C,04_RT,2,Q1,Name,Name1,Visual_Search,0,0,14.13,18.87,16.13,17.87,,3.582,,False,1.582,0.0,0.0,,0.0,False,0.0,0.0,0.0,0.0,False,R2_04,27682,True,4.354833244760428,7.220610297027605,0.05865161950023904,0.016684908421951285
CLIP_D1810D,,0,1.0,,,0.0,0.0,0.0,,D,27_RT,3,Q3,Sign,Markings,Not_Applicable,0,0,35.02,39.96,37.02,38.96,,,0.0,False,0.0,1.0,0.0,0.0,0.0,False,0.0,0.0,0.0,0.0,True,R3_27,16712,True,2.9560595644204497,1.288685690549471,0.0176578472390286,0.011786154148239868
CLIP_D2B57F,2.477,,0.0,,,1.0,1.0,1.0,"Lean in to see squirrel, drive closer, major delay to turn",B,31_RT,2,Q3,Animal,Squirrel,Not_Applicable,0,0,30.06,36.2,32.06,35.2,,2.477,,False,0.4769999999999998,0.0,1.0,1.0,1.0,False,1.0,1.0,1.0,1.0,True,R2_31,0,False,,,,
CLIP_D410E3,3.015,,0.0,,,1.0,0.0,0.0,Lean in to see Markings sign,D,07_RT,3,Q3,Sign,Markings,Not_Applicable,0,0,25.34,31.58,27.34,30.58,,3.015,,False,1.015,0.0,1.0,0.0,0.0,False,0.0,1.0,0.0,0.0,True,R3_07,17668,True,3.863075195108429,5.1604528421375555,0.07117261996268893,0.02099031113235806
CLIP_D6D4ED,3.415,,0.0,,,0.0,0.0,0.0,,D,21_RT,3,Q1,Animal,Rabbit,Not_Applicable,0,0,7.39,12.8,9.39,11.8,,3.415,,False,1.415,0.0,0.0,0.0,0.0,False,0.0,0.0,0.0,0.0,True,R3_21,16532,True,6.769197515582867,5.327871768271862,0.06220705221319951,0.014553022791485922
CLIP_D8CAA4,3.094,,0.0,,,0.0,1.0,1.0,slow down and drive up to the squirrel. Hard to tell if they’re leaning in. ,A,32_RT,2,Q3,Animal,Squirrel,Not_Applicable,1,1,52.55,62.19,54.55,61.19,91.22,3.094,,False,1.094,0.0,0.0,1.0,1.0,False,1.0,0.0,1.0,0.0,True,R2_32,25512,True,1.122142481842743,1.139269116126364,0.028106162627732224,0.009407723033036709
CLIP_DDA306,4.185,,0.0,,,0.0,0.0,1.0,Came to a stop before turning to look at the rabbit,D,18_RT,3,Q1,Animal,Rabbit,Not_Applicable,0,0,7.34,16.18,9.34,15.18,,4.185,,False,2.1849999999999996,0.0,0.0,0.0,1.0,False,0.0,0.0,1.0,0.0,True,R3_18,19632,True,5.390657016999308,20.92858823837906,0.09526601805148369,0.026956723306228458
CLIP_DDCB80,3.286,,0.0,,,0.0,0.0,0.0,slight slowing for rabbit,D,28_RT,3,Q1,Animal,Rabbit,Not_Applicable,0,0,5.41,10.37,7.41,9.37,,3.286,,False,1.286,0.0,0.0,0.0,0.0,False,0.0,0.0,0.0,0.0,True,R3_28,33136,True,0.9832261265782133,2.074929730203187,0.016674546669299593,0.00951166487812113
CLIP_DE5E8D,3.843,,0.0,,,0.0,1.0,1.0,minor delay in taking bend to look at squirrel,B,30_RT,2,Q3,Animal,Squirrel,Not_Applicable,0,0,41.52,48.88,43.52,47.88,,3.843,,False,1.843,0.0,0.0,1.0,1.0,False,1.0,0.0,1.0,0.0,True,R2_30,18962,True,3.1997845833979506,3.8141272820514898,0.11037675558440065,0.017804718570135596
CLIP_E2C82B,2.880,,0.0,,,0.0,0.0,0.0,very low speed,D,12_RT,3,Q1,Animal,Rabbit,Not_Applicable,0,0,9.35,14.64,11.35,13.64,,2.88,,False,0.8799999999999999,0.0,0.0,0.0,0.0,False,0.0,0.0,0.0,0.0,True,R3_12,21078,True,1.2059982113576666,2.055427601414465,0.013286522447666926,0.012267483395930878
CLIP_E36B98,,0,1.0,,,0.0,0.0,0.0,,B,27_RT,2,Q3,Animal,Squirrel,Not_Applicable,0,0,48.77,53.16,50.77,52.16,,,0.0,False,0.0,1.0,0.0,0.0,0.0,False,0.0,0.0,0.0,0.0,True,R2_27,19103,True,2.7198382801836516,2.0827411808981395,0.030539820999165877,0.010124806415087374
CLIP_E93748,2.973,,0.0,,,0.0,,0.0,Name from visual search,C,20_RT,2,Q1,Name,Name1,Visual_Search,0,0,5.38,9.85,7.38,8.85,,2.973,,False,0.973,0.0,0.0,,0.0,False,0.0,0.0,0.0,0.0,False,R2_20,14664,True,3.933005997213773,4.062556936962076,0.0704448284333918,0.016541919410673275
CLIP_E93D7E,4.576,,0.0,,,0.0,,0.0,Name from visual search,C,29_RT,2,Q1,Name,Name1,Visual_Search,0,0,6.0,11.39,8.0,10.39,,4.576,,False,2.5759999999999996,0.0,0.0,,0.0,False,0.0,0.0,0.0,0.0,False,R2_29,12220,True,2.581099866806632,4.6874222803490895,0.05249051147986848,0.028651361735986213
CLIP_E942CC,,0,1.0,,,0.0,0.0,1.0,minor delay in taking bend to look at squirrel,B,09_RT,2,Q3,Animal,Squirrel,Not_Applicable,0,0,47.73,51.7,49.73,50.7,,,0.0,False,0.0,1.0,0.0,0.0,1.0,False,0.0,0.0,1.0,0.0,True,R2_09,19524,True,1.4215709241417267,1.8410026360871625,0.02159634053429483,0.01373737251139271
CLIP_EA173A,2.177,,0.0,,,1.0,1.0,1.0,"major delay in turn, drove right up to the squirrel and leaned right in. Perfect example of the dual zoom. ",A,21_RT,2,Q3,Animal,Squirrel,Not_Applicable,1,1,20.85,29.08,22.85,28.08,31.38,2.177,,False,0.177,0.0,1.0,1.0,1.0,False,1.0,1.0,1.0,1.0,True,R2_21,28568,True,11.777148786824442,6.429557940609342,0.09343610046600256,0.007542310983922138
CLIP_EC31CA,3.354,,0.0,,,0.0,0.0,0.0,,D,03_RT,3,Q1,Animal,Rabbit,Not_Applicable,0,0,10.38,15.34,12.38,14.34,,3.354,,False,1.354,0.0,0.0,0.0,0.0,False,0.0,0.0,0.0,0.0,True,R3_03,17795,True,1.8755223736516913,3.768410606676795,0.02757545734547624,0.00942417961251573
CLIP_EC8214,2.835,,0.0,,,1.0,1.0,1.0,"A slight lean, and delayed turn. ",A,26_RT,2,Q3,Animal,Squirrel,Not_Applicable,1,1,28.26,33.18,30.26,32.18,36.52,2.835,,False,0.835,0.0,1.0,1.0,1.0,False,1.0,1.0,1.0,1.0,True,R2_26,16770,True,3.2382763859094705,3.3619196341136175,0.05768274525264688,0.010396855083321787
CLIP_F4653A,3.571,,0.0,,,0.0,,1.0,Sudden increase in speed when answering query. ,C,25_RT,2,Q1,Name,Name1,Visual_Search,0,0,7.73,12.59,9.73,11.59,,3.571,,False,1.5710000000000002,0.0,0.0,,1.0,False,0.0,0.0,1.0,0.0,False,R2_25,13541,True,2.2170723912796664,5.361227035556297,0.04735811791908453,0.015509274670002574
CLIP_F7BB54,3.185,,0.0,,,1.0,1.0,1.0,"Leaned, slowed, delayed turn to see rabbit. ",D,10_RT,3,Q1,Animal,Rabbit,Not_Applicable,0,0,18.13,25.27,20.13,24.27,,3.185,,False,1.185,0.0,1.0,1.0,1.0,False,1.0,1.0,1.0,1.0,True,R3_10,0,False,,,,
CLIP_F8A86D,,,0.0,,,0.0,,0.0,Name from working memory,C,36_RT,2,Q1,Name,Name1,Working_Memory,0,0,5.5,13.56,7.5,12.56,,,,False,,0.0,0.0,,0.0,False,0.0,0.0,0.0,0.0,False,R2_36,15355,True,4.280536238120619,3.872304942963978,0.06742632128377263,0.02820865867069444
CLIP_F9AEA5,3.902,,0.0,,,0.0,0.0,0.0,,D,15_RT,3,Q3,Sign,Markings,Not_Applicable,1,1,17.2,23.76,19.2,22.76,24.67,3.902,,False,1.902,0.0,0.0,0.0,0.0,False,0.0,0.0,0.0,0.0,True,R3_15,13448,True,4.352511262277187,16.48861005071272,0.15450595699718983,0.01963512687309487
CLIP_FAB901,,,0.0,,,0.0,,0.0,Name from working memory,C,32_RT,2,Q1,Name,Name1,Working_Memory,0,0,16.14,20.66,18.14,19.66,,,,False,,0.0,0.0,,0.0,False,0.0,0.0,0.0,0.0,False,R2_32,25512,True,3.39809370898666,18.138008156000126,0.08150040727295951,0.009407723033036709
CLIP_FAE29F,3.196,,0.0,,,0.0,0.0,0.0,Name from visual search,C,22_RT,2,Q1,Name,Name1,Visual_Search,0,0,7.26,12.13,9.26,11.13,,3.196,,False,1.1960000000000002,0.0,0.0,0.0,0.0,False,0.0,0.0,0.0,0.0,False,R2_22,14572,True,5.64530089492081,2.5808323837304328,0.051319530487171874,0.01561329867336745
CLIP_FB6A0F,3.391,,0.0,,,0.0,0.0,0.0,Name from visual search,C,23_RT,2,Q1,Name,Name1,Visual_Search,0,0,14.74,19.23,16.74,18.23,,3.391,,False,1.391,0.0,0.0,0.0,0.0,False,0.0,0.0,0.0,0.0,False,R2_23,16945,True,13.301707364728772,33.49662934113875,0.12357553031551244,0.019986624416380893
CLIP_FB7FCB,3.439,,0.0,,,0.0,1.0,1.0,Slowed down and got closer to see rabbit,D,30_RT,3,Q1,Animal,Rabbit,Not_Applicable,0,0,10.38,16.7,12.38,15.7,,3.439,,False,1.439,0.0,0.0,1.0,1.0,False,1.0,0.0,1.0,0.0,True,R3_30,20826,True,2.6453560402780383,3.296761137387732,0.027350062370578118,0.01836574051042559
CLIP_FBA2FE,3.955,,1.0,,,0.0,0.0,0.0,low speed,A,18_RT,2,Q3,Animal,Squirrel,Not_Applicable,1,1,41.17,46.01,43.17,45.01,49.88,3.955,,False,1.955,1.0,0.0,0.0,0.0,False,0.0,0.0,0.0,0.0,True,R2_18,25034,True,7.410704762348701,15.120323788881421,0.08065050994912742,0.02551943835083766
CLIP_FBF028,4.421,,1.0,,,0.0,0.0,0.0,,D,18_RT,3,Q3,Sign,Markings,Not_Applicable,0,0,38.84,43.89,40.84,42.89,,4.421,,False,2.4210000000000003,1.0,0.0,0.0,0.0,False,0.0,0.0,0.0,0.0,True,R3_18,19632,True,3.642499344699331,4.2240714691097105,0.06397550436718154,0.026956723306228458
CLIP_FE9B4E,3.202,,1.0,,,1.0,0.0,1.0,stopped to look at squirrel ,B,24_RT,2,Q3,Animal,Squirrel,Not_Applicable,0,0,45.21,50.84,47.21,49.84,,3.202,,False,1.202,1.0,1.0,0.0,1.0,False,0.0,1.0,1.0,0.0,True,R2_24,18375,True,6.250877774068083,7.069008586213028,0.06876206154955804,0.015899020081771853
CLIP_FF89D0,,,0.0,,,0.0,,0.0,Name from working memory],C,21_RT,2,Q1,Name,Name1,Working_Memory,1,1,4.3,10.08,6.3,9.08,11.41,,,False,,0.0,0.0,,0.0,False,0.0,0.0,0.0,0.0,False,R2_21,28568,True,14.863736700246685,4.227041820267865,0.11330544552660346,0.007542310983922138
CLIP_FFC9D7,2.523,,1.0,,,1.0,1.0,1.0,slowed down and delayed turn to squirrel ,B,22_RT,2,Q3,Animal,Squirrel,Not_Applicable,0,0,29.58,35.92,31.58,34.92,,2.523,,False,0.5230000000000001,1.0,1.0,1.0,1.0,False,1.0,1.0,1.0,1.0,True,R2_22,14572,True,2.975506566621179,2.446983630028163,0.0561882784303614,0.01561329867336745
