Participant_ID,Route_ID,Event,Question_Type,Specific_Target,Confidence,Driving_Years_Num,Video_Game_Years_Num,Age_Num,Driving_Hours_Num,Video_Game_Hours_Num,Experienced_Lag_Bin,Subjective_Mental_Demand_Num,Gender_Female,Gender_Male,Before_Blink_Rate_BPM,During_Blink_Rate_BPM,Before_Disrupted,During_Disrupted,Before_Duration_s,Before_Fine_SRR,During_Fine_SRR,Before_Hazard_Encountered,During_Hazard_Encountered,Before_Major_SRR,During_Major_SRR,Before_Max_Brake,During_Max_Brake,Before_Mean_Abs_Steering,During_Mean_Abs_Steering,Before_Mean_Brake,During_Mean_Brake,Before_Mean_Saccadic_Velocity,During_Mean_Saccadic_Velocity,Before_Mean_Speed_mph,During_Mean_Speed_mph,Before_Mean_Steering,During_Mean_Steering,Before_Mean_Throttle,During_Mean_Throttle,Before_Saccade_Rate_Hz,During_Saccade_Rate_Hz,Before_Speed_Variance,During_Speed_Variance,Before_Steer_Variance,During_Steer_Variance,Before_TRR,During_TRR,Before_Zero_Throttle_Pct,During_Zero_Throttle_Pct,Target_Accuracy,Target_Latency,Target_Confidence,Target_Severe_Overload,Before_Scanpath_Rate_px_s,During_Scanpath_Rate_px_s,Before_Raw_Dwell_Target_Object,During_Raw_Dwell_Target_Object,Before_Raw_Dwell_bumper_Distractor,During_Raw_Dwell_bumper_Distractor,Before_Raw_Dwell_cone_Distractor,During_Raw_Dwell_cone_Distractor,Before_Raw_Dwell_lwheel_Distractor,During_Raw_Dwell_lwheel_Distractor,Before_Raw_Dwell_Animal_Distractor,During_Raw_Dwell_Animal_Distractor,Before_Raw_Dwell_Sign_Distractor,During_Raw_Dwell_Sign_Distractor,Before_Raw_Dwell_map_Distractor,During_Raw_Dwell_map_Distractor,Before_Raw_Dwell_name_Distractor,During_Raw_Dwell_name_Distractor,Before_Raw_Dwell_speed_Distractor,During_Raw_Dwell_speed_Distractor,Before_Raw_Dwell_rwheel_Distractor,During_Raw_Dwell_rwheel_Distractor,Before_Road_Gaze_Pct,During_Road_Gaze_Pct,Target_Category,Name_Recall_Strategy,Delta_Blink_Rate_BPM,Delta_Disrupted,Delta_Fine_SRR,Delta_Hazard_Encountered,Delta_Major_SRR,Delta_Max_Brake,Delta_Mean_Abs_Steering,Delta_Mean_Brake,Delta_Mean_Saccadic_Velocity,Delta_Mean_Speed_mph,Delta_Mean_Steering,Delta_Mean_Throttle,Delta_Saccade_Rate_Hz,Delta_Speed_Variance,Delta_Steer_Variance,Delta_TRR,Delta_Zero_Throttle_Pct,Delta_Scanpath_Rate_px_s,Delta_Raw_Dwell_Target_Object,Delta_Raw_Dwell_bumper_Distractor,Delta_Raw_Dwell_cone_Distractor,Delta_Raw_Dwell_lwheel_Distractor,Delta_Raw_Dwell_Animal_Distractor,Delta_Raw_Dwell_Sign_Distractor,Delta_Raw_Dwell_map_Distractor,Delta_Raw_Dwell_name_Distractor,Delta_Raw_Dwell_speed_Distractor,Delta_Raw_Dwell_rwheel_Distractor,Delta_Road_Gaze_Pct,Prev_Q_After_Blink_Count,Prev_Q_After_Blink_Rate_BPM,Prev_Q_After_Disrupted,Prev_Q_After_Duration_s,Prev_Q_After_Fine_SRR,Prev_Q_After_Fix_Dwell_Animal,Prev_Q_After_Fix_Dwell_Sign,Prev_Q_After_Fix_Dwell_bumper,Prev_Q_After_Fix_Dwell_cone,Prev_Q_After_Fix_Dwell_lwheel,Prev_Q_After_Fix_Dwell_map,Prev_Q_After_Fix_Dwell_name,Prev_Q_After_Fix_Dwell_rwheel,Prev_Q_After_Fix_Dwell_speed,Prev_Q_After_Hazard_Encountered,Prev_Q_After_Major_SRR,Prev_Q_After_Max_Brake,Prev_Q_After_Mean_Abs_Steering,Prev_Q_After_Mean_Brake,Prev_Q_After_Mean_Saccadic_Velocity,Prev_Q_After_Mean_Speed_mph,Prev_Q_After_Mean_Steering,Prev_Q_After_Mean_Throttle,Prev_Q_After_Raw_Dwell_Animal,Prev_Q_After_Raw_Dwell_Sign,Prev_Q_After_Raw_Dwell_bumper,Prev_Q_After_Raw_Dwell_cone,Prev_Q_After_Raw_Dwell_lwheel,Prev_Q_After_Raw_Dwell_map,Prev_Q_After_Raw_Dwell_name,Prev_Q_After_Raw_Dwell_rwheel,Prev_Q_After_Raw_Dwell_speed,Prev_Q_After_Saccade_Count,Prev_Q_After_Saccade_Rate_Hz,Prev_Q_After_Scanpath_Length_px,Prev_Q_After_Speed_Variance,Prev_Q_After_Steer_Variance,Prev_Q_After_TRR,Prev_Q_After_Zero_Throttle_Pct,Prev_Q_Target_Accuracy,Prev_Q_Target_Latency,Prev_Q_Target_Confidence,Prev_Q_Target_Severe_Overload,Target_Post_Q_Collision
02_RT,5,Q1,Animal,Dog,7.0,1.0,10.0,1,5,2,0,18,0,1,12.0,0.0,0,0,5.0,0.2,0.0,0,0,0.2,0.0,0.0,0.0,0.8121,0.8595,0.0,0.0,2151.65,0.0,1.9,2.0,0.8109,0.8595,0.156,0.08,1.6,0.0,0.228,0.049,0.09999,0.00065,0.0,0.0,0.0,45.4,1,1.085,7.0,0,143.764,0.0,0.573,1.085,0.231,0.0,0.0,0.0,0.0,0.0,0.0,0.0,0.0,0.0,0.0,0.0,0.0,0.0,0.0,0.0,0.0,0.0,0.8392,0.0,External_Hazard,Not_Applicable,-12.0,0,-0.2,0,-0.2,0.0,0.0474,0.0,-2151.65,0.10000000000000009,0.04860000000000009,-0.076,-1.6,-0.179,-0.09934,0.0,45.4,-143.764,0.512,-0.231,0.0,0.0,0.0,0.0,0.0,0.0,0.0,0.0,-0.8392,NaN,NaN,NaN,NaN,NaN,NaN,NaN,NaN,NaN,NaN,NaN,NaN,NaN,NaN,NaN,NaN,NaN,NaN,NaN,NaN,NaN,NaN,NaN,NaN,NaN,NaN,NaN,NaN,NaN,NaN,NaN,NaN,NaN,NaN,NaN,NaN,NaN,NaN,NaN,NaN,NaN,NaN,NaN,0
02_RT,5,Q2,Name,Name2,6.0,1.0,10.0,1,5,2,0,18,0,1,12.0,0.0,0,0,5.0,0.0,0.455,0,0,0.0,0.455,0.0,0.0,0.9895,0.1881,0.0,0.0,2060.09,2569.82,1.9,2.8,0.9895,0.1881,0.157,0.107,2.2,1.82,0.689,0.039,0.0005,0.00922,0.0,0.0,0.0,19.9,1,2.199,6.0,0,205.158,280.350159163256,0.0,0.308,0.0,0.0,0.0,0.0,0.036,0.0,0.0,0.0,0.0,0.0,0.0,0.0,0.0,0.0,0.036,0.0,0.0,0.0,0.9856,0.8599363346975898,Dashboard_Recall,Visual_Search,-12.0,0,0.455,0,0.455,0.0,-0.8014000000000001,0.0,509.73,0.8999999999999999,-0.8014000000000001,-0.05,-0.3800000000000001,-0.6499999999999999,0.00872,0.0,19.9,75.19215916325604,0.308,0.0,0.0,-0.036,0.0,0.0,0.0,0.0,-0.036,0.0,-0.12566366530241024,1.0,12.0,0.0,5.0,0.4,1.278,0.216,0.0,0.0,0.0,0.0,0.0,0.0,0.0,0.0,0.2,0.0,0.8521,0.0,3196.47,1.5,0.8521,0.108,1.562,0.035,0.0,0.0,0.076,0.0,0.0,0.0,0.0,13.0,2.6,2380.73,0.256,0.02898,0.4,26.9,1.0,1.085,7.0,0.0,0
02_RT,5,Q3,Sign,FrostDam,4.0,1.0,10.0,1,5,2,0,18,0,1,24.0,0.0,0,0,5.0,0.6,0.0,0,0,0.2,0.0,0.0,0.0,0.1475,0.1079,0.0,0.0,2781.17,1890.54,1.5,3.0,0.1475,0.1079,0.132,0.076,2.0,1.12,0.847,0.133,0.0166,0.00196,0.2,0.0,23.2,32.9,0,1.783,4.0,1,335.19,83.0790802019069,1.39,0.556,0.03,0.0,0.0,0.0,0.034,0.0,0.797,0.228,0.0,0.0,0.0,0.0,0.156,0.0,0.0,0.0,0.0,0.0,0.5186,0.5602916432978127,External_Hazard,Not_Applicable,-24.0,0,-0.6,0,-0.2,0.0,-0.039599999999999996,0.0,-890.6300000000001,1.5,-0.039599999999999996,-0.05600000000000001,-0.8799999999999999,-0.714,-0.01464,-0.2,9.7,-252.1109197980931,-0.8339999999999999,-0.03,0.0,-0.034,-0.5690000000000001,0.0,0.0,-0.156,0.0,0.0,0.04169164329781272,2.0,24.0,0.0,5.0,0.4,2.356,1.856,0.0,0.0,0.0,0.0,0.516,0.0,0.0,0.0,0.2,0.0,0.1633,0.0,2763.63,1.4,0.1633,0.117,0.797,1.321,0.03,0.0,0.034,0.0,0.557,0.0,0.0,9.0,1.8,1534.11,0.596,0.01702,0.2,31.2,1.0,2.199,6.0,0.0,0
03_RT,5,Q1,Animal,Dog,6.0,6.0,1.0,1,2,0,0,85,1,0,24.0,0.0,0,0,5.0,0.2,0.0,0,0,0.2,0.0,0.0,0.0,0.6744,0.8893,0.0,0.0,2243.15,3348.27,2.2,3.6,0.6741,0.8893,0.226,0.205,2.0,0.9,1.006,0.012,0.12401,0.00019,0.2,0.0,0.0,14.2,1,1.107,6.0,0,165.154,112.82746160794942,0.106,0.466,0.158,0.0,0.0,0.0,0.531,0.0,0.0,0.0,0.0,0.0,0.0,0.0,0.0,0.0,0.0,0.0,0.0,0.0,0.841,0.5790424570912376,External_Hazard,Not_Applicable,-24.0,0,-0.2,0,-0.2,0.0,0.21489999999999998,0.0,1105.12,1.4,0.21519999999999995,-0.02100000000000002,-1.1,-0.994,-0.12382,-0.2,14.2,-52.32653839205058,0.36000000000000004,-0.158,0.0,-0.531,0.0,0.0,0.0,0.0,0.0,0.0,-0.2619575429087624,NaN,NaN,NaN,NaN,NaN,NaN,NaN,NaN,NaN,NaN,NaN,NaN,NaN,NaN,NaN,NaN,NaN,NaN,NaN,NaN,NaN,NaN,NaN,NaN,NaN,NaN,NaN,NaN,NaN,NaN,NaN,NaN,NaN,NaN,NaN,NaN,NaN,NaN,NaN,NaN,NaN,NaN,NaN,0
03_RT,5,Q2,Name,Name2,7.0,6.0,1.0,1,2,0,0,85,1,0,24.0,46.04,0,0,5.0,0.4,0.0,0,0,0.0,0.0,0.0,0.0,0.7491,0.2905,0.0,0.0,2462.82,2728.76,2.7,2.8,0.7491,0.2905,0.161,0.087,2.0,1.53,0.448,0.293,0.02792,0.00609,0.4,0.0,19.1,0.0,1,2.607,7.0,0,346.37199999999996,219.27886459532027,0.0,0.111,0.239,0.0,0.0,0.0,0.0,0.0,0.0,0.219,0.0,0.0,0.596,0.168,0.0,0.0,0.0,0.0,0.036,0.0,0.8257999999999999,0.8089758342922899,Dashboard_Recall,Visual_Search,22.04,0,-0.4,0,0.0,0.0,-0.4586,0.0,265.94000000000005,0.09999999999999964,-0.4586,-0.07400000000000001,-0.47,-0.15500000000000003,-0.021830000000000002,-0.4,-19.1,-127.09313540467969,0.111,-0.239,0.0,0.0,0.219,0.0,-0.42799999999999994,0.0,0.0,-0.036,-0.016824165707709948,3.0,36.0,0.0,5.0,0.0,0.0,0.0,0.176,0.0,0.0,0.0,0.0,0.108,0.0,0.0,0.0,0.0,0.9941,0.0,2759.32,1.9,0.9941,0.155,0.0,0.0,0.322,0.0,0.0,0.0,0.0,0.113,0.0,10.0,2.0,1267.38,0.762,0.00015,0.4,42.4,1.0,1.107,6.0,0.0,0
03_RT,5,Q3,Sign,FrostDam,1.0,6.0,1.0,1,2,0,0,85,1,0,48.0,39.21,0,0,5.0,0.2,0.0,0,0,0.2,0.0,0.0,0.0,0.1935,0.5224,0.0,0.0,3129.5,3363.0,2.4,2.4,0.1935,0.5224,0.12,0.114,2.0,2.61,0.34,0.04,0.01165,0.03236,0.0,0.0,0.0,0.0,0,3.061,1.0,1,344.556,563.3812479581836,0.0,0.03,0.0,0.0,0.0,0.0,0.0,0.0,0.453,0.893,0.0,0.0,0.168,0.0,0.282,0.0,0.0,0.0,0.0,0.0,0.8193999999999999,0.6984645540672982,External_Hazard,Not_Applicable,-8.79,0,-0.2,0,-0.2,0.0,0.32889999999999997,0.0,233.5,0.0,0.32889999999999997,-0.0059999999999999915,0.6099999999999999,-0.30000000000000004,0.02071,0.0,0.0,218.82524795818364,0.03,0.0,0.0,0.0,0.44,0.0,-0.168,-0.282,0.0,0.0,-0.12093544593270167,3.0,36.0,0.0,5.0,0.0,1.34,0.76,0.0,0.0,0.0,0.0,0.0,0.0,0.0,0.0,0.0,0.0,0.283,0.0,3436.88,2.3,0.283,0.136,1.127,0.03,0.0,0.0,0.0,0.0,0.171,0.0,0.0,12.0,2.4,2373.09,0.091,0.03405,0.0,0.0,1.0,2.607,7.0,0.0,0
04_RT,5,Q1,Animal,Dog,7.0,5.0,10.0,1,4,0,0,20,1,0,0.0,0.0,0,0,5.0,0.2,0.0,0,0,0.0,0.0,0.0,0.0,0.8925,0.4376,0.0,0.0,2929.09,1415.16,1.3,1.4,0.8925,0.4376,0.087,0.084,2.4,1.46,0.121,0.014,0.01125,0.00356,0.4,0.0,27.0,14.2,1,1.369,7.0,0,433.088,41.176040905770634,0.031,0.192,0.197,0.0,0.0,0.0,0.0,0.0,0.0,0.0,0.205,0.268,0.199,0.0,0.033,0.0,0.506,0.0,0.0,0.0,0.7657999999999999,0.6639883126369613,External_Hazard,Not_Applicable,0.0,0,-0.2,0,0.0,0.0,-0.45489999999999997,0.0,-1513.93,0.09999999999999987,-0.45489999999999997,-0.002999999999999989,-0.94,-0.107,-0.00769,-0.4,-12.8,-391.91195909422936,0.161,-0.197,0.0,0.0,0.0,0.06300000000000003,-0.199,-0.033,-0.506,0.0,-0.10181168736303858,NaN,NaN,NaN,NaN,NaN,NaN,NaN,NaN,NaN,NaN,NaN,NaN,NaN,NaN,NaN,NaN,NaN,NaN,NaN,NaN,NaN,NaN,NaN,NaN,NaN,NaN,NaN,NaN,NaN,NaN,NaN,NaN,NaN,NaN,NaN,NaN,NaN,NaN,NaN,NaN,NaN,NaN,NaN,0
04_RT,5,Q2,Name,Name2,7.0,5.0,10.0,1,4,0,0,20,1,0,0.0,0.0,0,0,5.0,0.4,0.0,0,0,0.2,0.0,0.0,0.0,0.8611,0.8321,0.0,0.0,2736.31,3925.57,1.5,1.7,0.8611,0.8321,0.096,0.077,2.8,2.8,0.208,0.045,0.05973,0.00418,0.4,0.0,34.4,17.3,1,1.43,7.0,0,462.61800000000005,954.4965034965036,0.0,0.318,0.0,0.0,0.0,0.0,0.191,0.0,0.0,0.0,0.0,0.0,0.627,0.0,0.0,0.0,0.0,0.0,0.0,0.0,0.8364,0.7776223776223776,Dashboard_Recall,Visual_Search,0.0,0,-0.4,0,-0.2,0.0,-0.029000000000000026,0.0,1189.2600000000002,0.19999999999999996,-0.029000000000000026,-0.019000000000000003,0.0,-0.16299999999999998,-0.05555,-0.4,-17.099999999999998,491.8785034965035,0.318,0.0,0.0,-0.191,0.0,0.0,-0.627,0.0,0.0,0.0,-0.05877762237762241,0.0,0.0,0.0,5.0,0.6,1.099,0.795,0.0,0.0,0.0,0.308,0.0,0.0,0.0,0.0,0.0,0.0,0.9799,0.0,2875.59,1.3,0.9799,0.116,1.12,0.031,0.0,0.0,0.0,0.331,0.0,0.0,0.0,11.0,2.2,2153.19,0.035,0.0005,0.0,7.8,1.0,1.369,7.0,0.0,0
04_RT,5,Q3,Sign,FrostDam,6.0,5.0,10.0,1,4,0,0,20,1,0,0.0,0.0,0,0,5.0,0.4,0.0,0,0,0.0,0.0,0.0,0.0,0.0586,0.0654,0.0,0.0,3070.14,3858.65,1.7,2.2,0.0299,0.0654,0.097,0.107,2.4,1.15,0.342,0.021,0.00322,0.00068,0.4,0.0,40.5,12.5,1,1.732,6.0,0,590.45,325.4792147806005,0.882,0.56,0.15,0.0,0.0,0.0,0.0,0.0,0.962,0.213,0.0,0.0,1.163,0.0,0.0,0.0,0.0,0.0,0.0,0.0,0.3686,0.5536951501154734,External_Hazard,Not_Applicable,0.0,0,-0.4,0,0.0,0.0,0.0068000000000000005,0.0,788.5100000000002,0.5000000000000002,0.035500000000000004,0.009999999999999995,-1.25,-0.321,-0.00254,-0.4,-28.0,-264.97078521939954,-0.32199999999999995,-0.15,0.0,0.0,-0.749,0.0,-1.163,0.0,0.0,0.0,0.18509515011547345,0.0,0.0,0.0,5.0,0.4,1.528,0.848,0.0,0.0,0.0,0.224,0.0,0.0,0.0,0.0,0.4,0.0,0.3833,0.0,3133.32,2.1,0.3449,0.134,0.566,0.0,0.0,0.0,0.0,0.254,0.019,0.0,0.0,10.0,2.0,2189.53,0.269,0.1348,0.4,28.9,1.0,1.43,7.0,0.0,0
05_RT,5,Q1,Animal,Dog,7.0,11.0,5.0,2,4,1,0,18,0,1,0.0,0.0,0,0,5.0,0.2,0.0,0,0,0.0,0.0,0.0,0.0,0.98,1.0,0.0,0.0,3056.3,2913.47,1.8,1.9,0.98,1.0,0.122,0.13,1.6,3.22,0.006,0.001,0.00082,0.0,0.0,0.0,0.0,0.0,1,0.932,7.0,0,336.944,766.3948497854077,0.561,0.21,0.461,0.203,0.0,0.0,0.0,0.0,0.0,0.0,0.03,0.0,0.0,0.0,0.0,0.0,0.035,0.0,0.198,0.0,0.743,0.5568669527896996,External_Hazard,Not_Applicable,0.0,0,-0.2,0,0.0,0.0,0.020000000000000018,0.0,-142.83000000000038,0.09999999999999987,0.020000000000000018,0.008000000000000007,1.62,-0.005,-0.00082,0.0,0.0,429.4508497854077,-0.3510000000000001,-0.258,0.0,0.0,0.0,-0.03,0.0,0.0,-0.035,-0.198,-0.18613304721030044,NaN,NaN,NaN,NaN,NaN,NaN,NaN,NaN,NaN,NaN,NaN,NaN,NaN,NaN,NaN,NaN,NaN,NaN,NaN,NaN,NaN,NaN,NaN,NaN,NaN,NaN,NaN,NaN,NaN,NaN,NaN,NaN,NaN,NaN,NaN,NaN,NaN,NaN,NaN,NaN,NaN,NaN,NaN,0
05_RT,5,Q2,Name,Name2,7.0,11.0,5.0,2,4,1,0,18,0,1,0.0,0.0,0,0,5.0,0.4,0.0,0,0,0.0,0.0,0.0,0.0,0.9111,0.9956,0.0,0.0,2787.4,3486.66,2.0,2.0,0.9111,0.9956,0.13,0.141,2.4,1.0,0.001,0.003,0.00431,0.0,0.0,0.0,0.0,0.0,1,1.001,7.0,0,397.678,44.84515484515485,0.0,0.0,0.313,0.0,0.0,0.0,0.0,0.0,0.0,0.452,0.0,0.0,0.0,0.0,0.0,0.0,0.33,0.0,0.232,0.0,0.825,0.5484515484515484,Dashboard_Recall,Working_Memory,0.0,0,-0.4,0,0.0,0.0,0.08450000000000002,0.0,699.2599999999998,0.0,0.08450000000000002,0.010999999999999982,-1.4,0.002,-0.00431,0.0,0.0,-352.83284515484513,0.0,-0.313,0.0,0.0,0.452,0.0,0.0,0.0,-0.33,-0.232,-0.27654845154845153,0.0,0.0,0.0,5.0,0.2,0.14,0.0,0.228,0.0,0.0,0.0,0.0,0.0,0.608,0.0,0.2,0.0,0.8951,0.0,2713.02,2.0,0.8951,0.128,0.113,0.0,0.43,0.0,0.0,0.0,0.0,0.0,0.54,12.0,2.4,2075.96,0.003,0.01247,0.0,0.0,1.0,0.932,7.0,0.0,0
05_RT,5,Q3,Sign,FrostDam,7.0,11.0,5.0,2,4,1,0,18,0,1,0.0,0.0,0,0,5.0,0.4,0.0,0,0,0.2,0.0,0.0,0.0,0.1231,0.3307,0.0,0.0,2440.06,2918.27,2.6,2.9,0.123,0.3307,0.146,0.165,0.4,2.59,0.005,0.004,0.00634,0.00017,0.0,0.0,0.0,0.0,1,0.771,7.0,0,18.726,390.2594033722438,2.338,0.199,0.0,0.0,0.0,0.0,0.0,0.0,0.244,0.0,0.0,0.0,0.0,0.0,0.0,0.0,0.0,0.0,0.0,0.0,0.48360000000000003,0.74189364461738,External_Hazard,Not_Applicable,0.0,0,-0.4,0,-0.2,0.0,0.2076,0.0,478.21000000000004,0.2999999999999998,0.2077,0.019000000000000017,2.19,-0.001,-0.00617,0.0,0.0,371.5334033722438,-2.1390000000000002,0.0,0.0,0.0,-0.244,0.0,0.0,0.0,0.0,0.0,0.25829364461738,0.0,0.0,0.0,5.0,0.4,2.092,3.591,0.0,0.0,0.0,0.0,0.0,0.0,0.0,0.0,0.2,0.0,0.2246,0.0,2199.14,2.5,0.2226,0.143,0.574,1.404,0.0,0.0,0.0,0.0,0.0,0.0,0.0,4.0,0.8,279.49,0.049,0.03937,0.0,0.0,1.0,1.001,7.0,0.0,0
06_RT,5,Q1,Animal,Dog,7.0,42.0,0.0,5,3,0,0,72,0,1,0.0,0.0,0,0,5.0,0.0,0.0,0,0,0.0,0.0,0.0,0.0,1.0,0.7086,0.0,0.0,2303.48,3722.95,1.2,1.3,1.0,0.7086,0.106,0.072,1.4,0.8,0.064,0.022,0.0,0.01558,0.0,0.0,0.0,0.0,1,1.242,7.0,0,240.852,131.5378421900161,0.067,0.363,0.0,0.0,0.0,0.0,0.0,0.0,0.0,0.0,0.295,0.0,0.525,0.0,0.032,0.0,0.0,0.0,0.0,0.0,0.8161999999999999,0.7077294685990339,External_Hazard,Not_Applicable,0.0,0,0.0,0,0.0,0.0,-0.2914,0.0,1419.4699999999998,0.10000000000000009,-0.2914,-0.034,-0.5999999999999999,-0.042,0.01558,0.0,0.0,-109.3141578099839,0.296,0.0,0.0,0.0,0.0,-0.295,-0.525,-0.032,0.0,0.0,-0.10847053140096607,NaN,NaN,NaN,NaN,NaN,NaN,NaN,NaN,NaN,NaN,NaN,NaN,NaN,NaN,NaN,NaN,NaN,NaN,NaN,NaN,NaN,NaN,NaN,NaN,NaN,NaN,NaN,NaN,NaN,NaN,NaN,NaN,NaN,NaN,NaN,NaN,NaN,NaN,NaN,NaN,NaN,NaN,NaN,0
06_RT,5,Q2,Name,Name2,7.0,42.0,0.0,5,3,0,0,72,0,1,0.0,0.0,0,0,5.0,0.2,0.0,0,0,0.2,0.0,0.0,0.0,0.7177,1.0,0.0,0.0,2593.13,4182.79,1.6,1.5,0.7177,1.0,0.099,0.139,1.4,1.26,0.064,0.062,0.12388,0.0,0.0,0.0,0.0,0.0,1,2.385,7.0,0,249.102,442.3354297693921,0.0,0.602,0.0,0.0,0.0,0.0,0.0,0.0,0.0,0.0,0.0,0.0,0.479,0.0,0.0,0.0,0.0,0.0,0.0,0.0,0.9042,0.7475890985324948,Dashboard_Recall,Visual_Search,0.0,0,-0.2,0,-0.2,0.0,0.2823,0.0,1589.6599999999999,-0.10000000000000009,0.2823,0.04000000000000001,-0.1399999999999999,-0.0020000000000000018,-0.12388,0.0,0.0,193.23342976939207,0.602,0.0,0.0,0.0,0.0,0.0,-0.479,0.0,0.0,0.0,-0.15661090146750523,0.0,0.0,0.0,5.0,0.4,0.053,0.0,0.0,0.0,0.0,0.0,0.0,0.0,0.0,0.0,0.2,0.0,0.7996,0.0,2510.35,1.5,0.7752,0.135,0.102,0.0,0.032,0.0,0.0,0.0,0.0,0.0,0.0,6.0,1.2,529.93,0.225,0.15511,0.0,0.0,1.0,1.242,7.0,0.0,0
06_RT,5,Q3,Sign,FrostDam,7.0,42.0,0.0,5,3,0,0,72,0,1,0.0,0.0,0,0,5.0,0.6,0.0,0,0,0.4,0.0,0.0,0.0,0.2484,0.2771,0.0,0.0,2280.6,1479.76,2.1,2.4,-0.097,0.2771,0.125,0.089,0.8,0.88,0.009,0.103,0.10739,0.02891,0.0,0.441,0.0,34.7,1,2.266,7.0,0,63.932,87.06090026478375,0.171,1.468,0.0,0.0,0.0,0.0,0.0,0.0,0.0,0.0,0.0,0.0,0.0,0.0,0.0,0.0,0.0,0.0,0.0,0.0,0.9658,0.35216240070609006,External_Hazard,Not_Applicable,0.0,0,-0.6,0,-0.4,0.0,0.028700000000000003,0.0,-800.8399999999999,0.2999999999999998,0.3741,-0.036000000000000004,0.07999999999999996,0.094,-0.07848,0.441,34.7,23.128900264783752,1.297,0.0,0.0,0.0,0.0,0.0,0.0,0.0,0.0,0.0,-0.6136375992939099,0.0,0.0,0.0,5.0,0.4,4.36,0.0,0.0,0.0,4.36,0.0,0.0,0.0,0.0,0.0,0.2,0.0,0.7457,0.0,1360.14,2.1,0.355,0.125,0.154,0.035,0.0,0.0,0.0,0.0,0.0,0.0,0.0,2.0,0.4,67.45,0.01,0.5138,0.0,0.0,1.0,2.385,7.0,0.0,0
07_RT,5,Q1,Animal,Dog,1.0,21.0,36.0,3,1,2,0,77,1,0,0.0,0.0,0,0,5.0,0.2,0.307,0,0,0.2,0.307,0.0,0.0,0.7159,0.4536,0.0,0.0,2706.71,1693.51,2.1,1.2,0.7086,0.4536,0.231,0.058,2.4,0.61,0.499,0.216,0.15639,0.08378,0.2,0.307,0.0,51.6,0,3.262,1.0,1,299.146,29.55242182709994,0.0,0.0,0.0,0.0,0.0,0.0,0.0,0.0,0.0,0.0,0.0,0.0,0.0,0.0,0.0,0.0,0.0,0.0,0.0,0.0,1.0,1.0,External_Hazard,Not_Applicable,0.0,0,0.10699999999999998,0,0.10699999999999998,0.0,-0.2623,0.0,-1013.2,-0.9000000000000001,-0.255,-0.17300000000000001,-1.79,-0.28300000000000003,-0.07261000000000001,0.10699999999999998,51.6,-269.5935781729001,0.0,0.0,0.0,0.0,0.0,0.0,0.0,0.0,0.0,0.0,0.0,NaN,NaN,NaN,NaN,NaN,NaN,NaN,NaN,NaN,NaN,NaN,NaN,NaN,NaN,NaN,NaN,NaN,NaN,NaN,NaN,NaN,NaN,NaN,NaN,NaN,NaN,NaN,NaN,NaN,NaN,NaN,NaN,NaN,NaN,NaN,NaN,NaN,NaN,NaN,NaN,NaN,NaN,NaN,0
07_RT,5,Q2,Name,Name2,1.0,21.0,36.0,3,1,2,0,77,1,0,0.0,0.0,0,0,5.0,0.0,0.0,0,0,0.0,0.0,0.0,0.0,1.0,0.9181,0.0,0.0,3058.72,3795.37,2.7,5.1,1.0,0.9181,0.434,0.313,2.4,0.78,2.193,0.025,0.0,0.00201,0.4,0.0,3.1,0.0,1,1.274,1.0,0,461.52200000000005,46.07535321821036,0.0,0.0,0.377,0.0,0.0,0.0,0.171,0.0,0.0,0.0,0.0,0.0,0.403,0.0,0.0,0.0,0.092,0.0,0.037,0.0,0.784,1.0,Dashboard_Recall,Working_Memory,0.0,0,0.0,0,0.0,0.0,-0.08189999999999997,0.0,736.6500000000001,2.3999999999999995,-0.08189999999999997,-0.121,-1.6199999999999999,-2.168,0.00201,-0.4,-3.1,-415.4466467817897,0.0,-0.377,0.0,-0.171,0.0,0.0,-0.403,0.0,-0.092,-0.037,0.21599999999999997,0.0,0.0,0.0,5.0,0.2,2.402,0.0,0.0,0.0,0.0,0.444,0.0,0.0,0.0,0.0,0.0,0.0,0.9954,0.0,2898.11,1.0,0.9954,0.234,1.336,0.0,0.307,0.0,0.404,0.475,0.031,0.0,0.032,5.0,1.0,1294.17,0.357,0.00017,0.6,26.1,0.0,3.262,1.0,1.0,1
07_RT,5,Q3,Sign,FrostDam,2.0,21.0,36.0,3,1,2,0,77,1,0,0.0,0.0,0,0,5.0,0.6,0.498,0,0,0.2,0.0,0.0,0.0,0.0662,0.031,0.0,0.0,2396.81,1602.93,2.1,1.2,-0.0572,0.0245,0.242,0.057,1.6,0.5,0.546,0.249,0.00374,0.00131,0.4,0.332,7.5,51.6,1,6.02,2.0,1,149.846,18.845514950166116,0.0,0.889,0.682,0.0,0.0,0.0,0.0,0.0,0.0,1.387,0.0,0.0,0.0,0.0,0.0,0.0,0.033,0.0,0.0,0.0,0.857,0.6219269102990034,External_Hazard,Not_Applicable,0.0,0,-0.10199999999999998,0,-0.2,0.0,-0.035199999999999995,0.0,-793.8799999999999,-0.9000000000000001,0.0817,-0.185,-1.1,-0.29700000000000004,-0.00243,-0.068,44.1,-131.00048504983388,0.889,-0.682,0.0,0.0,1.387,0.0,0.0,0.0,-0.033,0.0,-0.2350730897009966,0.0,0.0,0.0,5.0,0.4,0.0,0.0,0.0,0.0,0.0,0.696,0.252,0.0,0.0,1.0,0.4,0.0,0.7793,0.0,2892.18,3.1,0.3151,0.112,0.0,0.0,0.0,0.0,0.0,0.894,0.207,0.0,0.0,12.0,2.4,1767.4,7.117,0.59409,0.2,64.1,1.0,1.274,1.0,0.0,0
08_RT,5,Q1,Animal,Dog,7.0,13.0,21.0,2,1,1,0,38,0,1,0.0,0.0,0,0,5.0,0.4,0.0,0,0,0.2,0.0,0.0,0.0,0.5544,0.9178,0.0,0.0,3072.22,4364.4,1.8,3.2,0.4877,0.9178,0.317,0.154,1.8,2.89,1.559,0.063,0.23076,0.00099,0.4,0.964,3.4,57.9,1,1.037,7.0,0,365.188,1082.8158148505306,0.0,0.438,0.097,0.0,0.0,0.0,0.0,0.0,0.0,0.0,0.0,0.0,0.278,0.108,0.0,0.0,1.277,0.0,0.0,0.0,0.6696,0.47348119575699127,External_Hazard,Not_Applicable,0.0,0,-0.4,0,-0.2,0.0,0.36339999999999995,0.0,1292.1799999999998,1.4000000000000001,0.4300999999999999,-0.163,1.09,-1.496,-0.22977,0.564,54.5,717.6278148505306,0.438,-0.097,0.0,0.0,0.0,0.0,-0.17000000000000004,0.0,-1.277,0.0,-0.1961188042430087,NaN,NaN,NaN,NaN,NaN,NaN,NaN,NaN,NaN,NaN,NaN,NaN,NaN,NaN,NaN,NaN,NaN,NaN,NaN,NaN,NaN,NaN,NaN,NaN,NaN,NaN,NaN,NaN,NaN,NaN,NaN,NaN,NaN,NaN,NaN,NaN,NaN,NaN,NaN,NaN,NaN,NaN,NaN,0
08_RT,5,Q2,Name,Name2,7.0,13.0,21.0,2,1,1,0,38,0,1,0.0,0.0,0,0,5.0,0.2,0.0,0,0,0.0,0.0,0.0,0.0,0.9595,0.9126,0.0,0.0,3477.04,2630.1,2.6,3.3,0.9595,0.9126,0.223,0.365,2.4,1.85,0.538,0.095,0.00256,0.00439,0.4,0.616,33.5,47.7,1,1.623,7.0,0,638.818,415.9827479975354,0.0,0.0,0.63,0.0,0.0,0.0,0.0,0.0,0.0,0.0,0.0,0.0,0.709,0.0,0.0,0.0,0.0,0.0,0.033,0.0,0.7256,1.0,Dashboard_Recall,Working_Memory,0.0,0,-0.2,0,0.0,0.0,-0.04690000000000005,0.0,-846.94,0.6999999999999997,-0.04690000000000005,0.142,-0.5499999999999998,-0.44300000000000006,0.0018299999999999996,0.21599999999999997,14.200000000000003,-222.83525200246459,0.0,-0.63,0.0,0.0,0.0,0.0,-0.709,0.0,0.0,-0.033,0.2744,0.0,0.0,0.0,5.0,0.2,0.953,0.0,0.544,0.0,0.0,0.088,0.0,0.0,0.924,0.0,0.2,0.0,0.91,0.0,3014.39,2.4,0.91,0.23,0.961,0.0,0.63,0.0,0.0,0.273,0.0,0.0,0.963,11.0,2.2,2022.9,0.669,0.02656,0.4,21.1,1.0,1.037,7.0,0.0,0
08_RT,5,Q3,Sign,FrostDam,4.0,13.0,21.0,2,1,1,0,38,0,1,0.0,0.0,0,0,5.0,0.4,0.0,0,0,0.2,0.0,0.0,0.0,0.2814,0.2697,0.0,0.0,2765.44,1973.23,3.6,3.5,0.2814,0.2697,0.422,0.122,2.4,0.57,0.731,0.046,0.06636,0.00856,0.6,0.0,33.3,10.2,1,1.748,4.0,0,475.34399999999994,43.163615560640736,0.137,0.407,0.0,0.0,0.0,0.0,0.0,0.0,0.451,1.218,0.0,0.0,0.73,0.0,0.102,0.0,0.0,0.0,0.033,0.0,0.7093999999999999,0.07036613272311212,External_Hazard,Not_Applicable,0.0,0,-0.4,0,-0.2,0.0,-0.011699999999999988,0.0,-792.21,-0.10000000000000009,-0.011699999999999988,-0.3,-1.83,-0.6849999999999999,-0.057800000000000004,-0.6,-23.099999999999998,-432.1803844393592,0.26999999999999996,0.0,0.0,0.0,0.7669999999999999,0.0,-0.73,-0.102,0.0,-0.033,-0.6390338672768878,0.0,0.0,0.0,5.0,0.6,2.227,0.0,0.0,0.0,0.0,0.941,0.0,0.0,0.0,0.0,0.0,0.0,0.1537,0.0,2820.4,3.6,0.1537,0.389,1.544,0.137,0.0,0.0,0.0,0.73,0.102,0.033,0.0,10.0,2.0,1797.62,0.718,0.0027,0.4,18.9,1.0,1.623,7.0,0.0,1
09_RT,5,Q1,Animal,Dog,6.0,22.0,30.0,3,3,2,0,0,0,1,0.0,0.0,0,0,5.0,0.0,0.0,0,0,0.0,0.0,0.0,0.0,0.9204,0.5988,0.0,0.0,3150.63,1867.03,1.5,2.1,0.9204,0.5988,0.123,0.062,2.6,3.16,0.089,0.014,0.00663,0.0,0.0,0.0,5.1,72.4,1,0.633,6.0,0,456.474,216.66666666666669,0.2,0.318,0.848,0.0,0.0,0.0,0.0,0.0,0.0,0.0,0.572,0.0,0.0,0.0,0.236,0.0,0.039,0.0,0.0,0.0,0.621,0.4976303317535545,External_Hazard,Not_Applicable,0.0,0,0.0,0,0.0,0.0,-0.3216,0.0,-1283.6000000000001,0.6000000000000001,-0.3216,-0.061,0.56,-0.075,-0.00663,0.0,67.30000000000001,-239.8073333333333,0.118,-0.848,0.0,0.0,0.0,-0.572,0.0,-0.236,-0.039,0.0,-0.12336966824644552,NaN,NaN,NaN,NaN,NaN,NaN,NaN,NaN,NaN,NaN,NaN,NaN,NaN,NaN,NaN,NaN,NaN,NaN,NaN,NaN,NaN,NaN,NaN,NaN,NaN,NaN,NaN,NaN,NaN,NaN,NaN,NaN,NaN,NaN,NaN,NaN,NaN,NaN,NaN,NaN,NaN,NaN,NaN,0
09_RT,5,Q2,Name,Name2,7.0,22.0,30.0,3,3,2,0,0,0,1,0.0,0.0,0,0,5.0,0.4,0.0,0,0,0.4,0.0,0.0,0.0,0.7571,0.5246,0.0,0.0,2794.02,4012.03,1.6,1.6,0.7571,0.5246,0.11,0.113,2.8,3.41,0.042,0.001,0.01628,2e-05,0.0,0.0,0.0,0.0,1,0.586,7.0,0,568.608,616.160409556314,0.0,0.0,0.0,0.0,0.0,0.0,0.033,0.0,0.0,0.0,0.0,0.0,0.419,0.0,0.0,0.0,0.038,0.0,0.0,0.0,0.9019999999999999,1.0,Dashboard_Recall,Working_Memory,0.0,0,-0.4,0,-0.4,0.0,-0.23250000000000004,0.0,1218.0100000000002,0.0,-0.23250000000000004,0.0030000000000000027,0.6100000000000003,-0.041,-0.01626,0.0,0.0,47.552409556314046,0.0,0.0,0.0,-0.033,0.0,0.0,-0.419,0.0,-0.038,0.0,0.09800000000000009,0.0,0.0,0.0,5.0,0.2,1.194,0.0,0.092,0.0,0.0,0.0,0.0,0.0,0.0,0.0,0.2,0.0,0.9798,0.0,2322.76,1.3,0.9798,0.099,1.231,0.0,0.205,0.0,0.037,0.0,0.0,0.0,0.0,13.0,2.6,1453.18,0.203,0.00263,0.4,30.6,1.0,0.633,6.0,0.0,1
09_RT,5,Q3,Sign,FrostDam,7.0,22.0,30.0,3,3,2,0,0,0,1,0.0,0.0,0,0,5.0,0.2,0.0,0,0,0.0,0.0,0.0,0.0,0.0814,0.3149,0.0,0.0,2426.99,2170.81,1.8,1.9,0.0814,0.3149,0.118,0.151,2.0,2.88,0.043,0.009,0.00333,3e-05,0.0,0.0,0.0,0.0,1,0.694,7.0,0,189.89000000000001,217.92507204610953,1.136,0.045,0.072,0.0,0.0,0.0,0.0,0.0,0.0,0.225,0.0,0.0,0.0,0.0,0.0,0.0,0.065,0.0,0.0,0.0,0.7454000000000001,0.6109510086455331,External_Hazard,Not_Applicable,0.0,0,-0.2,0,0.0,0.0,0.2335,0.0,-256.17999999999984,0.09999999999999987,0.2335,0.033,0.8799999999999999,-0.033999999999999996,-0.0033,0.0,0.0,28.03507204610952,-1.091,-0.072,0.0,0.0,0.225,0.0,0.0,0.0,-0.065,0.0,-0.13444899135446697,0.0,0.0,0.0,5.0,0.2,0.0,0.0,0.0,0.0,0.0,0.0,0.0,0.0,0.0,1.0,0.2,0.0,0.8679,0.0,2620.19,1.8,0.8679,0.118,0.0,0.0,0.0,0.0,0.038,0.0,0.0,0.0,0.0,11.0,2.2,1045.43,0.271,0.03718,0.4,21.1,1.0,0.586,7.0,0.0,0
10_RT,5,Q1,Animal,Dog,7.0,10.0,0.0,4,4,0,0,100,1,0,0.0,0.0,0,0,5.0,0.2,0.0,0,0,0.2,0.0,0.0,0.0,0.8941,0.269,0.0,0.0,2580.63,0.0,1.6,2.0,0.8941,0.269,0.135,0.124,1.4,0.0,0.135,0.001,0.01927,0.00736,0.0,0.0,0.0,0.0,1,1.221,7.0,0,295.728,0.0,0.542,0.79,0.0,0.0,0.0,0.0,0.0,0.0,0.0,0.0,0.166,0.0,0.117,0.0,0.033,0.0,0.0,0.0,0.0,0.0,0.8283999999999999,0.352989352989353,External_Hazard,Not_Applicable,0.0,0,-0.2,0,-0.2,0.0,-0.6251,0.0,-2580.63,0.3999999999999999,-0.6251,-0.01100000000000001,-1.4,-0.134,-0.011909999999999999,0.0,0.0,-295.728,0.248,0.0,0.0,0.0,0.0,-0.166,-0.117,-0.033,0.0,0.0,-0.4754106470106469,NaN,NaN,NaN,NaN,NaN,NaN,NaN,NaN,NaN,NaN,NaN,NaN,NaN,NaN,NaN,NaN,NaN,NaN,NaN,NaN,NaN,NaN,NaN,NaN,NaN,NaN,NaN,NaN,NaN,NaN,NaN,NaN,NaN,NaN,NaN,NaN,NaN,NaN,NaN,NaN,NaN,NaN,NaN,0
10_RT,5,Q2,Name,Name2,7.0,10.0,0.0,4,4,0,0,100,1,0,0.0,0.0,0,0,5.0,0.0,0.0,0,0,0.0,0.0,0.0,0.0,1.0,1.0,0.0,0.0,3029.92,3112.75,1.7,0.5,1.0,1.0,0.085,0.096,2.2,4.58,0.236,0.013,0.0,0.0,0.2,0.0,39.0,11.9,1,1.31,7.0,1,384.492,744.5114503816793,0.0,0.117,0.31,0.04,0.0,0.0,0.068,0.0,0.0,0.0,0.0,0.0,0.0,0.105,0.0,0.0,0.345,0.11,0.238,0.0,0.8078,0.716030534351145,Dashboard_Recall,Visual_Search,0.0,0,0.0,0,0.0,0.0,0.0,0.0,82.82999999999993,-1.2,0.0,0.010999999999999996,2.38,-0.22299999999999998,0.0,-0.2,-27.1,360.0194503816793,0.117,-0.27,0.0,-0.068,0.0,0.0,0.105,0.0,-0.235,-0.238,-0.09176946564885491,0.0,0.0,0.0,5.0,0.4,0.368,0.0,0.0,0.0,0.0,0.22,0.0,0.184,0.0,0.0,0.2,0.0,0.9519,0.0,2708.71,1.8,0.9519,0.123,0.639,0.039,0.0,0.0,0.0,0.27,0.0,0.238,0.0,12.0,2.4,2206.68,0.021,0.01571,0.0,0.0,1.0,1.221,7.0,0.0,0
10_RT,5,Q3,Sign,FrostDam,1.0,10.0,0.0,4,4,0,0,100,1,0,0.0,0.0,0,0,5.0,0.4,0.0,0,0,0.0,0.0,0.0,0.0,0.221,0.6541,0.0,0.0,1785.15,2196.69,1.9,1.9,0.221,0.6541,0.129,0.083,0.6,2.61,0.054,0.123,0.00439,0.04082,0.0,0.0,0.0,14.0,1,2.686,1.0,0,33.372,464.5011169024572,1.161,0.589,0.0,0.0,0.0,0.0,0.0,0.0,0.703,0.343,0.0,0.0,0.0,0.0,0.0,0.0,0.0,0.0,0.0,0.0,0.6272,0.6530156366344007,External_Hazard,Not_Applicable,0.0,0,-0.4,0,0.0,0.0,0.43310000000000004,0.0,411.53999999999996,0.0,0.43310000000000004,-0.046,2.01,0.069,0.036430000000000004,0.0,14.0,431.1291169024572,-0.5720000000000001,0.0,0.0,0.0,-0.35999999999999993,0.0,0.0,0.0,0.0,0.0,0.025815636634400674,0.0,0.0,0.0,5.0,0.0,0.44,0.0,0.0,0.253,0.0,0.224,0.027,0.0,0.0,0.0,0.0,0.0,0.9818,0.0,2149.97,1.7,0.9818,0.133,0.137,0.0,0.0,0.059,0.0,0.323,0.058,0.0,0.0,12.0,2.4,1774.16,0.196,0.00152,0.0,0.0,1.0,1.31,7.0,1.0,1
11_RT,5,Q1,Animal,Dog,6.0,40.0,0.0,5,5,0,0,38,0,1,0.0,0.0,0,0,5.0,0.4,0.0,0,0,0.2,0.0,0.0,0.0,0.9503,0.8977,0.0,0.0,1854.89,3220.72,2.1,2.0,0.9503,0.8977,0.177,0.129,2.2,2.53,0.734,0.103,0.01714,0.0059,0.4,0.507,29.6,40.6,1,1.973,6.0,0,233.106,432.81297516472375,0.0,0.884,0.0,0.0,0.0,0.0,0.0,0.0,0.0,0.0,0.0,0.036,0.466,0.0,0.0,0.0,0.0,0.0,0.0,0.0,0.9067999999999999,0.533705017739483,External_Hazard,Not_Applicable,0.0,0,-0.4,0,-0.2,0.0,-0.05259999999999998,0.0,1365.8299999999997,-0.10000000000000009,-0.05259999999999998,-0.04799999999999999,0.3299999999999996,-0.631,-0.01124,0.10699999999999998,11.0,199.70697516472376,0.884,0.0,0.0,0.0,0.0,0.036,-0.466,0.0,0.0,0.0,-0.37309498226051696,NaN,NaN,NaN,NaN,NaN,NaN,NaN,NaN,NaN,NaN,NaN,NaN,NaN,NaN,NaN,NaN,NaN,NaN,NaN,NaN,NaN,NaN,NaN,NaN,NaN,NaN,NaN,NaN,NaN,NaN,NaN,NaN,NaN,NaN,NaN,NaN,NaN,NaN,NaN,NaN,NaN,NaN,NaN,0
11_RT,5,Q2,Name,Name2,4.0,40.0,0.0,5,5,0,0,38,0,1,0.0,0.0,0,0,5.0,0.4,0.0,0,0,0.4,0.0,0.0,0.0,0.7341,1.0,0.0,0.0,2822.55,2287.48,2.5,2.5,0.7341,1.0,0.119,0.184,1.4,1.95,0.951,0.144,0.10579,0.0,0.4,0.0,38.2,0.0,1,2.052,4.0,0,297.028,422.96296296296293,0.0,0.291,0.0,0.0,0.0,0.0,0.0,0.0,0.0,0.0,0.0,0.0,0.237,0.065,0.0,0.0,0.0,0.0,0.0,0.0,0.9526,0.8265107212475634,Dashboard_Recall,Visual_Search,0.0,0,-0.4,0,-0.4,0.0,0.2659,0.0,-535.0700000000002,0.0,0.2659,0.065,0.55,-0.8069999999999999,-0.10579,-0.4,-38.2,125.93496296296291,0.291,0.0,0.0,0.0,0.0,0.0,-0.172,0.0,0.0,0.0,-0.12608927875243658,0.0,0.0,0.0,5.0,0.4,0.023,0.023,0.0,0.0,0.0,0.204,0.0,0.0,0.0,0.0,0.2,0.0,0.6975,0.0,2707.37,2.6,0.6975,0.163,0.048,0.0,0.0,0.0,0.0,0.237,0.0,0.0,0.0,9.0,1.8,1767.94,0.726,0.12433,0.4,38.2,1.0,1.973,6.0,0.0,0
11_RT,5,Q3,Sign,FrostDam,6.0,40.0,0.0,5,5,0,0,38,0,1,0.0,0.0,0,0,5.0,0.4,0.0,0,0,0.4,0.0,0.0,0.0,0.3057,0.3403,0.0,0.0,1979.42,3039.09,2.0,2.8,-0.2127,0.3403,0.141,0.142,2.4,0.45,0.802,0.034,0.15083,0.02931,0.4,0.454,17.5,0.0,1,2.202,6.0,0,316.358,100.72207084468664,0.177,1.464,0.0,0.0,0.0,0.0,0.0,0.0,0.425,0.0,0.0,0.0,0.726,0.0,0.0,0.0,0.0,0.0,0.0,0.0,0.7344,0.335149863760218,External_Hazard,Not_Applicable,0.0,0,-0.4,0,-0.4,0.0,0.034599999999999964,0.0,1059.67,0.7999999999999998,0.5529999999999999,0.0010000000000000009,-1.95,-0.768,-0.12151999999999999,0.05399999999999999,-17.5,-215.63592915531336,1.287,0.0,0.0,0.0,-0.425,0.0,-0.726,0.0,0.0,0.0,-0.39925013623978206,0.0,0.0,0.0,5.0,0.4,1.1,0.548,0.0,0.0,0.0,0.904,0.12,0.0,0.0,0.0,0.2,0.0,0.6125,0.0,2295.43,1.8,0.0847,0.103,0.394,0.035,0.0,0.0,0.0,1.06,0.032,0.0,0.0,11.0,2.2,2071.35,0.482,0.50088,0.4,36.5,1.0,2.052,4.0,0.0,0
12_RT,5,Q1,Animal,Dog,6.0,8.0,17.0,2,3,2,0,66,1,0,0.0,0.0,0,0,5.0,0.2,0.0,0,0,0.0,0.0,0.0,0.0,0.9845,0.4584,0.0,0.0,2317.73,2906.59,1.6,1.7,0.9845,0.4584,0.122,0.091,2.6,2.62,0.089,0.005,0.00139,0.00555,0.0,0.0,0.0,0.0,1,1.145,6.0,0,260.928,303.3362445414847,0.399,0.099,0.543,0.0,0.0,0.0,0.108,0.0,0.0,0.0,0.0,0.0,0.0,0.0,0.0,0.0,0.0,0.0,0.0,0.0,0.79,0.9135371179039301,External_Hazard,Not_Applicable,0.0,0,-0.2,0,0.0,0.0,-0.5261,0.0,588.8600000000001,0.09999999999999987,-0.5261,-0.031,0.020000000000000018,-0.08399999999999999,0.0041600000000000005,0.0,0.0,42.40824454148469,-0.30000000000000004,-0.543,0.0,-0.108,0.0,0.0,0.0,0.0,0.0,0.0,0.12353711790393007,NaN,NaN,NaN,NaN,NaN,NaN,NaN,NaN,NaN,NaN,NaN,NaN,NaN,NaN,NaN,NaN,NaN,NaN,NaN,NaN,NaN,NaN,NaN,NaN,NaN,NaN,NaN,NaN,NaN,NaN,NaN,NaN,NaN,NaN,NaN,NaN,NaN,NaN,NaN,NaN,NaN,NaN,NaN,0
12_RT,5,Q2,Name,Name2,7.0,8.0,17.0,2,3,2,0,66,1,0,0.0,0.0,0,0,5.0,0.2,0.0,0,0,0.2,0.0,0.0,0.0,0.8704,1.0,0.0,0.0,2428.66,2286.82,1.2,1.4,0.8704,1.0,0.102,0.102,1.6,3.64,0.013,0.002,0.02891,0.0,0.0,0.0,0.0,0.0,1,1.099,7.0,0,179.114,228.45313921747044,0.0,0.0,0.0,0.0,0.0,0.0,0.0,0.0,0.0,0.0,0.0,0.0,0.0,0.0,0.0,0.0,0.0,0.0,0.0,0.0,1.0,1.0,Dashboard_Recall,Working_Memory,0.0,0,-0.2,0,-0.2,0.0,0.12960000000000005,0.0,-141.8399999999997,0.19999999999999996,0.12960000000000005,0.0,2.04,-0.011,-0.02891,0.0,0.0,49.33913921747043,0.0,0.0,0.0,0.0,0.0,0.0,0.0,0.0,0.0,0.0,0.0,0.0,0.0,0.0,5.0,0.2,0.36,0.0,0.0,0.0,0.408,0.0,0.0,0.408,0.0,0.0,0.2,0.0,0.9019,0.0,3309.67,1.5,0.9019,0.107,0.194,0.0,0.034,0.0,0.534,0.0,0.0,0.16,0.0,14.0,2.8,2633.39,0.007,0.03499,0.0,0.0,1.0,1.145,6.0,0.0,0
12_RT,5,Q3,Sign,FrostDam,5.0,8.0,17.0,2,3,2,0,66,1,0,0.0,0.0,0,0,5.0,0.4,0.661,0,0,0.0,0.0,0.0,0.0,0.1167,0.7702,0.0,0.0,2207.98,2847.9,2.4,2.0,0.1167,0.7702,0.129,0.111,1.6,3.3,0.006,0.018,0.00109,0.00116,0.0,0.0,0.0,0.0,1,1.514,5.0,0,155.196,532.7080581241744,0.462,0.0,0.0,0.0,0.0,0.0,0.0,0.073,0.459,0.169,0.0,0.0,0.0,0.0,0.0,0.0,0.0,0.0,0.0,0.131,0.8158,0.7536327608982827,External_Hazard,Not_Applicable,0.0,0,0.261,0,0.0,0.0,0.6535,0.0,639.9200000000001,-0.3999999999999999,0.6535,-0.018000000000000002,1.6999999999999997,0.011999999999999999,6.999999999999997e-05,0.0,0.0,377.51205812417436,-0.462,0.0,0.0,0.073,-0.29000000000000004,0.0,0.0,0.0,0.0,0.131,-0.062167239101717287,0.0,0.0,0.0,5.0,0.0,2.22,1.236,0.0,0.0,0.0,0.0,0.0,0.0,0.0,0.0,0.0,0.0,0.7626,0.0,1988.32,2.0,0.7626,0.14,0.869,0.0,0.064,0.0,0.0,0.0,0.0,0.098,0.0,7.0,1.4,414.94,0.204,0.06369,0.0,0.0,1.0,1.099,7.0,0.0,0
13_RT,5,Q1,Animal,Dog,7.0,40.0,0.0,4,4,0,0,11,0,1,0.0,0.0,0,0,5.0,0.0,0.0,0,0,0.0,0.0,0.0,0.0,1.0,1.0,0.0,0.0,1967.08,2624.18,1.0,0.8,1.0,1.0,0.09,0.083,2.0,3.16,0.005,0.001,0.0,0.0,0.0,0.0,0.0,0.0,1,1.265,7.0,1,181.39000000000001,618.6166007905139,0.979,0.514,0.072,0.0,0.0,0.0,0.274,0.232,0.0,0.0,0.0,0.0,0.0,0.0,0.0,0.0,0.0,0.0,0.5,0.0,0.635,0.4102766798418972,External_Hazard,Not_Applicable,0.0,0,0.0,0,0.0,0.0,0.0,0.0,657.0999999999999,-0.19999999999999996,0.0,-0.006999999999999992,1.1600000000000001,-0.004,0.0,0.0,0.0,437.2266007905139,-0.46499999999999997,-0.072,0.0,-0.04200000000000001,0.0,0.0,0.0,0.0,0.0,-0.5,-0.2247233201581028,NaN,NaN,NaN,NaN,NaN,NaN,NaN,NaN,NaN,NaN,NaN,NaN,NaN,NaN,NaN,NaN,NaN,NaN,NaN,NaN,NaN,NaN,NaN,NaN,NaN,NaN,NaN,NaN,NaN,NaN,NaN,NaN,NaN,NaN,NaN,NaN,NaN,NaN,NaN,NaN,NaN,NaN,NaN,0
13_RT,5,Q2,Name,Name2,7.0,40.0,0.0,4,4,0,0,11,0,1,0.0,0.0,0,0,5.0,0.4,0.0,0,0,0.0,0.0,0.0,0.0,0.7116,0.939,0.0,0.0,2459.71,3538.13,0.9,1.3,0.7116,0.939,0.094,0.095,2.0,1.7,0.019,0.012,0.00519,0.00217,0.0,0.0,0.0,11.1,1,1.768,7.0,0,296.87800000000004,546.6911764705882,0.0,0.0,0.71,0.0,0.0,0.0,2.161,0.765,0.0,0.0,0.0,0.0,0.0,0.0,0.0,0.0,0.0,0.0,0.0,0.0,0.4258,0.5673076923076924,Dashboard_Recall,Working_Memory,0.0,0,-0.4,0,0.0,0.0,0.22739999999999994,0.0,1078.42,0.4,0.22739999999999994,0.0010000000000000009,-0.30000000000000004,-0.006999999999999999,-0.00302,0.0,11.1,249.81317647058813,0.0,-0.71,0.0,-1.396,0.0,0.0,0.0,0.0,0.0,0.0,0.1415076923076924,0.0,0.0,0.0,5.0,0.2,0.0,0.0,0.0,0.0,1.076,0.0,0.0,0.0,0.0,0.0,0.0,0.0,0.9276,0.0,2191.0,1.0,0.9276,0.093,0.0,0.0,0.0,0.0,1.231,0.0,0.0,0.0,0.0,10.0,2.0,995.88,0.007,0.004,0.0,0.0,1.0,1.265,7.0,1.0,0
13_RT,5,Q3,Sign,FrostDam,7.0,40.0,0.0,4,4,0,0,11,0,1,0.0,0.0,0,0,5.0,0.2,0.0,0,0,0.0,0.0,0.0,0.0,0.0225,0.1314,0.0,0.0,2454.03,0.0,1.2,1.2,0.022,0.1314,0.092,0.074,1.4,0.0,0.029,0.022,0.00011,0.00198,0.0,0.0,0.0,4.7,1,2.15,7.0,0,194.778,0.0,0.565,1.701,0.0,0.0,0.0,0.0,0.0,0.0,0.41,0.0,0.0,0.0,0.0,0.0,0.0,0.0,0.0,0.0,0.0,0.0,0.805,0.20883720930232552,External_Hazard,Not_Applicable,0.0,0,-0.2,0,0.0,0.0,0.1089,0.0,-2454.03,0.0,0.1094,-0.018000000000000002,-1.4,-0.007000000000000003,0.00187,0.0,4.7,-194.778,1.1360000000000001,0.0,0.0,0.0,-0.41,0.0,0.0,0.0,0.0,0.0,-0.5961627906976745,0.0,0.0,0.0,5.0,0.0,0.0,0.0,0.22,0.0,0.0,0.0,0.0,0.0,0.0,0.0,0.0,0.0,0.9717,0.0,2423.26,1.4,0.9717,0.112,0.0,0.0,0.033,0.0,0.0,0.0,0.0,0.0,0.0,6.0,1.2,566.59,0.042,0.00337,0.0,0.0,1.0,1.768,7.0,0.0,0
14_RT,5,Q1,Animal,Dog,7.0,28.0,2.0,4,2,0,0,31,0,1,0.0,0.0,0,0,5.0,0.0,0.0,0,0,0.0,0.0,0.0,0.0,1.0,0.9992,0.0,0.0,3221.82,3451.22,1.9,2.8,1.0,0.9992,0.143,0.222,1.8,1.99,0.154,0.069,0.0,0.0,0.6,0.0,7.1,0.0,1,1.004,7.0,0,283.688,368.18725099601596,0.402,0.032,0.268,0.0,0.0,0.0,0.0,0.0,0.0,0.0,0.033,0.063,0.0,0.0,0.0,0.0,0.0,0.0,0.034,0.0,0.8526,0.9053784860557769,External_Hazard,Not_Applicable,0.0,0,0.0,0,0.0,0.0,-0.0008000000000000229,0.0,229.39999999999964,0.8999999999999999,-0.0008000000000000229,0.07900000000000001,0.18999999999999995,-0.08499999999999999,0.0,-0.6,-7.1,84.49925099601597,-0.37,-0.268,0.0,0.0,0.0,0.03,0.0,0.0,0.0,-0.034,0.05277848605577684,NaN,NaN,NaN,NaN,NaN,NaN,NaN,NaN,NaN,NaN,NaN,NaN,NaN,NaN,NaN,NaN,NaN,NaN,NaN,NaN,NaN,NaN,NaN,NaN,NaN,NaN,NaN,NaN,NaN,NaN,NaN,NaN,NaN,NaN,NaN,NaN,NaN,NaN,NaN,NaN,NaN,NaN,NaN,0
14_RT,5,Q2,Name,Name2,7.0,28.0,2.0,4,2,0,0,31,0,1,0.0,0.0,0,0,5.0,0.2,0.0,0,0,0.2,0.0,0.0,0.0,0.8035,1.0,0.0,0.0,3497.25,2255.76,2.7,2.5,0.8035,1.0,0.145,0.136,1.4,1.21,0.125,0.01,0.03056,0.0,0.2,0.0,0.0,0.0,1,1.654,7.0,0,347.254,98.45828295042323,0.036,0.0,0.0,0.0,0.0,0.0,0.0,0.0,0.0,0.0,0.0,0.0,0.0,0.0,0.0,0.0,0.0,0.0,0.0,0.0,0.9928000000000001,1.0,Dashboard_Recall,Working_Memory,0.0,0,-0.2,0,-0.2,0.0,0.1965,0.0,-1241.4899999999998,-0.20000000000000018,0.1965,-0.00899999999999998,-0.18999999999999995,-0.115,-0.03056,-0.2,0.0,-248.7957170495768,-0.036,0.0,0.0,0.0,0.0,0.0,0.0,0.0,0.0,0.0,0.007199999999999873,0.0,0.0,0.0,5.0,0.2,0.0,0.0,0.0,0.0,0.0,0.0,0.0,0.0,0.0,0.0,0.2,0.0,0.7985,0.0,3214.7,2.8,0.7985,0.149,0.0,0.0,0.0,0.0,0.0,0.0,0.036,0.0,0.0,8.0,1.6,1771.91,0.152,0.02886,0.0,0.0,1.0,1.004,7.0,0.0,0
14_RT,5,Q3,Sign,FrostDam,7.0,28.0,2.0,4,2,0,0,31,0,1,0.0,0.0,0,0,5.0,0.4,0.0,0,0,0.2,0.0,0.0,0.0,0.1427,0.7092,0.0,0.0,3949.7,1819.71,3.5,2.9,0.1427,0.7092,0.156,0.184,1.4,0.76,0.185,0.006,0.01657,0.01234,0.2,0.0,4.8,0.0,1,1.311,7.0,0,245.37600000000003,45.67505720823799,0.506,0.0,0.0,0.0,0.0,0.0,0.0,0.0,0.0,0.0,0.0,0.0,0.0,0.0,0.0,0.0,0.0,0.0,0.058,0.006,0.8872,0.9954233409610984,External_Hazard,Not_Applicable,0.0,0,-0.4,0,-0.2,0.0,0.5665,0.0,-2129.99,-0.6000000000000001,0.5665,0.027999999999999997,-0.6399999999999999,-0.179,-0.004230000000000001,-0.2,-4.8,-199.70094279176203,-0.506,0.0,0.0,0.0,0.0,0.0,0.0,0.0,0.0,-0.052000000000000005,0.10822334096109842,0.0,0.0,0.0,5.0,0.2,0.695,1.361,0.0,0.0,0.0,0.0,0.0,0.0,0.0,0.0,0.2,0.0,0.3108,0.0,2810.18,3.4,0.3108,0.181,0.258,0.302,0.0,0.0,0.0,0.0,0.0,0.0,0.0,7.0,1.4,799.31,0.253,0.09656,0.0,4.8,1.0,1.654,7.0,0.0,0
15_RT,5,Q1,Animal,Dog,7.0,4.0,0.0,3,4,0,0,50,0,1,0.0,0.0,0,0,5.0,0.2,0.0,0,0,0.2,0.0,0.0,0.0,0.7367,0.8557,0.0,0.0,2449.44,0.0,1.9,3.7,0.7367,0.8557,0.174,0.26,2.4,0.0,1.062,0.07,0.07414,0.00137,0.0,0.0,0.0,0.0,1,1.059,7.0,0,289.7,0.0,0.603,0.555,0.134,0.0,0.0,0.0,0.13,0.0,0.0,0.0,0.0,0.27,0.131,0.0,0.0,0.0,0.0,0.0,0.0,0.0,0.8004,0.22096317280453248,External_Hazard,Not_Applicable,0.0,0,-0.2,0,-0.2,0.0,0.119,0.0,-2449.44,1.8000000000000003,0.119,0.08600000000000002,-2.4,-0.992,-0.07277,0.0,0.0,-289.7,-0.04799999999999993,-0.134,0.0,-0.13,0.0,0.27,-0.131,0.0,0.0,0.0,-0.5794368271954675,NaN,NaN,NaN,NaN,NaN,NaN,NaN,NaN,NaN,NaN,NaN,NaN,NaN,NaN,NaN,NaN,NaN,NaN,NaN,NaN,NaN,NaN,NaN,NaN,NaN,NaN,NaN,NaN,NaN,NaN,NaN,NaN,NaN,NaN,NaN,NaN,NaN,NaN,NaN,NaN,NaN,NaN,NaN,0
15_RT,5,Q2,Name,Name2,7.0,4.0,0.0,3,4,0,0,50,0,1,0.0,0.0,0,0,5.0,0.4,0.238,0,0,0.2,0.238,0.0,0.0,0.9506,0.2686,0.0,0.0,2322.8,2614.8,4.1,4.3,0.9506,0.2686,0.214,0.299,2.0,2.14,0.038,0.082,0.00441,0.0433,0.0,0.476,0.0,0.0,1,4.203,7.0,0,214.08800000000002,273.5950511539377,0.0,0.33,0.0,0.0,0.0,0.0,0.0,0.0,0.268,0.118,0.44,0.102,0.0,0.195,0.0,0.0,0.039,0.0,0.0,0.0,0.8506,0.8227456578634309,Dashboard_Recall,Visual_Search,0.0,0,-0.16200000000000003,0,0.03799999999999998,0.0,-0.6819999999999999,0.0,292.0,0.20000000000000018,-0.6819999999999999,0.08499999999999999,0.14000000000000012,0.044000000000000004,0.03889,0.476,0.0,59.50705115393765,0.33,0.0,0.0,0.0,-0.15000000000000002,-0.338,0.195,0.0,-0.039,0.0,-0.02785434213656912,0.0,0.0,0.0,5.0,0.6,0.6920000000000001,0.467,0.0,0.0,0.0,0.0,0.0,0.0,0.0,0.0,0.2,0.0,0.9614,0.0,2208.32,4.1,0.9614,0.208,0.11,0.202,0.0,0.0,0.0,0.0,0.0,0.0,0.039,11.0,2.2,1095.33,0.05,0.0019,0.0,0.0,1.0,1.059,7.0,0.0,0
15_RT,5,Q2,Sign,FrostDam,5.0,4.0,0.0,3,4,0,0,50,0,1,0.0,0.0,0,0,5.0,0.4,0.238,0,0,0.2,0.238,0.0,0.0,0.9506,0.2686,0.0,0.0,2322.8,2614.8,4.1,4.3,0.9506,0.2686,0.214,0.299,2.0,2.14,0.038,0.082,0.00441,0.0433,0.0,0.476,0.0,0.0,1,4.203,5.0,0,214.08800000000002,273.5950511539377,0.44,0.102,0.0,0.0,0.0,0.0,0.0,0.0,0.268,0.118,0.0,0.0,0.0,0.195,0.0,0.33,0.039,0.0,0.0,0.0,0.8506,0.8227456578634309,External_Hazard,Not_Applicable,0.0,0,-0.16200000000000003,0,0.03799999999999998,0.0,-0.6819999999999999,0.0,292.0,0.20000000000000018,-0.6819999999999999,0.08499999999999999,0.14000000000000012,0.044000000000000004,0.03889,0.476,0.0,59.50705115393765,-0.338,0.0,0.0,0.0,-0.15000000000000002,0.0,0.195,0.33,-0.039,0.0,-0.02785434213656912,0.0,0.0,0.0,5.0,0.2,0.74,0.74,0.0,0.0,0.0,0.0,0.0,0.0,0.0,0.0,0.2,0.0,0.7191,0.0,2376.2,3.5,0.7191,0.229,0.177,0.16,0.0,0.0,0.032,0.0,0.0,0.0,0.0,15.0,3.0,1303.19,0.421,0.05872,0.4,20.1,1.0,4.203,7.0,0.0,0
16_RT,5,Q1,Animal,Dog,7.0,8.0,20.0,2,1,2,0,7,1,0,0.0,0.0,0,0,5.0,0.2,0.477,0,0,0.2,0.477,0.0,0.0,0.7048,0.7817,0.0,0.0,3160.68,1462.88,2.1,1.9,0.7035,0.7817,0.22,0.118,2.4,0.48,0.925,0.175,0.1506,0.00871,0.2,0.477,0.0,0.0,1,2.095,7.0,0,402.27,30.16706443914081,0.564,1.947,0.243,0.0,0.0,0.0,0.0,0.0,0.0,0.0,0.0,0.107,0.0,0.0,0.0,0.0,0.166,0.0,0.34,0.0,0.7374,0.019570405727923592,External_Hazard,Not_Applicable,0.0,0,0.27699999999999997,0,0.27699999999999997,0.0,0.07689999999999997,0.0,-1697.7999999999997,-0.20000000000000018,0.07819999999999994,-0.10200000000000001,-1.92,-0.75,-0.14189000000000002,0.27699999999999997,0.0,-372.1029355608592,1.383,-0.243,0.0,0.0,0.0,0.107,0.0,0.0,-0.166,-0.34,-0.7178295942720765,NaN,NaN,NaN,NaN,NaN,NaN,NaN,NaN,NaN,NaN,NaN,NaN,NaN,NaN,NaN,NaN,NaN,NaN,NaN,NaN,NaN,NaN,NaN,NaN,NaN,NaN,NaN,NaN,NaN,NaN,NaN,NaN,NaN,NaN,NaN,NaN,NaN,NaN,NaN,NaN,NaN,NaN,NaN,0
16_RT,5,Q2,Name,Name2,7.0,8.0,20.0,2,1,2,0,7,1,0,0.0,0.0,0,0,5.0,0.4,0.0,0,0,0.0,0.0,0.0,0.0,0.9784,0.9868,0.0,0.0,2477.72,3280.52,3.1,2.9,0.9784,0.9868,0.218,0.155,2.4,3.33,0.412,0.002,0.00089,8e-05,0.2,0.0,0.0,0.0,1,1.501,7.0,0,300.656,874.536975349767,0.0,0.0,0.0,0.0,0.0,0.0,0.0,0.0,0.063,0.0,0.189,0.0,0.0,0.0,0.0,0.0,0.0,0.0,0.0,0.0,0.9496,1.0,Dashboard_Recall,Working_Memory,0.0,0,-0.4,0,0.0,0.0,0.008399999999999963,0.0,802.8000000000002,-0.20000000000000018,0.008399999999999963,-0.063,0.9300000000000002,-0.41,-0.00081,-0.2,0.0,573.8809753497669,0.0,0.0,0.0,0.0,-0.063,-0.189,0.0,0.0,0.0,0.0,0.0504,0.0,0.0,0.0,5.0,0.4,0.0,0.202,0.0,0.0,0.0,0.0,0.0,0.0,0.0,0.0,0.0,0.0,0.9848,0.0,2499.41,3.1,0.9848,0.212,0.037,0.082,0.0,0.0,0.0,0.0,0.0,0.0,0.0,12.0,2.4,1490.23,0.325,0.00028,0.2,0.0,1.0,2.095,7.0,0.0,0
16_RT,5,Q3,Sign,FrostDam,7.0,8.0,20.0,2,1,2,0,7,1,0,0.0,0.0,0,0,5.0,0.2,0.0,0,0,0.2,0.0,0.0,0.0,0.3828,0.1883,0.0,0.0,3518.69,0.0,3.5,3.1,0.3828,0.1883,0.186,0.127,2.2,0.0,0.371,0.028,0.12342,0.0033,0.4,0.0,0.0,0.0,1,1.442,7.0,0,515.392,0.0,0.0,0.274,0.0,0.0,0.0,0.0,0.0,0.0,0.971,1.038,0.0,0.0,0.065,0.0,0.0,0.0,0.0,0.0,0.0,0.0,0.7928,0.09015256588072115,External_Hazard,Not_Applicable,0.0,0,-0.2,0,-0.2,0.0,-0.19449999999999998,0.0,-3518.69,-0.3999999999999999,-0.19449999999999998,-0.059,-2.2,-0.34299999999999997,-0.12012,-0.4,0.0,-515.392,0.274,0.0,0.0,0.0,0.06700000000000006,0.0,-0.065,0.0,0.0,0.0,-0.7026474341192788,0.0,0.0,0.0,5.0,0.2,2.376,1.412,0.0,0.0,0.0,0.0,0.0,0.0,0.0,0.0,0.2,0.0,0.2462,0.0,3127.74,3.5,0.2462,0.179,1.763,0.0,0.0,0.0,0.0,0.065,0.0,0.0,0.0,9.0,1.8,1487.76,0.325,0.06486,0.4,0.0,1.0,1.501,7.0,0.0,0
17_RT,5,Q1,Animal,Dog,7.0,29.0,0.0,4,5,0,0,38,1,0,0.0,0.0,0,0,5.0,0.4,0.0,0,0,0.2,0.0,0.0,0.0,0.8584,1.0,0.0,0.0,3131.22,2430.23,1.6,2.0,0.8584,1.0,0.122,0.123,2.2,3.07,0.05,0.001,0.02674,0.0,0.0,0.0,0.0,0.0,1,1.303,7.0,0,334.576,356.98388334612434,1.033,0.476,0.034,0.0,0.0,0.0,0.576,0.274,0.0,0.0,0.414,0.0,0.006,0.0,0.0,0.0,0.035,0.0,0.036,0.0,0.5732,0.42440521872601683,External_Hazard,Not_Applicable,0.0,0,-0.4,0,-0.2,0.0,0.14159999999999995,0.0,-700.9899999999998,0.3999999999999999,0.14159999999999995,0.0010000000000000009,0.8699999999999997,-0.049,-0.02674,0.0,0.0,22.407883346124322,-0.5569999999999999,-0.034,0.0,-0.30199999999999994,0.0,-0.414,-0.006,0.0,-0.035,-0.036,-0.1487947812739832,NaN,NaN,NaN,NaN,NaN,NaN,NaN,NaN,NaN,NaN,NaN,NaN,NaN,NaN,NaN,NaN,NaN,NaN,NaN,NaN,NaN,NaN,NaN,NaN,NaN,NaN,NaN,NaN,NaN,NaN,NaN,NaN,NaN,NaN,NaN,NaN,NaN,NaN,NaN,NaN,NaN,NaN,NaN,0
17_RT,5,Q2,Name,Name2,7.0,29.0,0.0,4,5,0,0,38,1,0,0.0,0.0,0,0,5.0,0.0,0.0,0,0,0.0,0.0,0.0,0.0,0.5626,0.1051,0.0,0.0,2567.67,2340.72,2.1,2.4,0.5626,0.1051,0.138,0.127,2.2,1.87,0.082,0.002,0.11452,0.0,0.0,0.0,0.0,0.0,1,1.067,7.0,0,121.926,82.970946579194,0.0,0.0,0.072,0.031,0.0,0.0,0.336,0.077,0.0,0.0,0.0,0.0,0.0,0.0,0.0,0.0,0.069,0.0,0.0,0.0,0.9046,0.8987816307403936,Dashboard_Recall,Working_Memory,0.0,0,0.0,0,0.0,0.0,-0.4575,0.0,-226.95000000000027,0.2999999999999998,-0.4575,-0.01100000000000001,-0.33000000000000007,-0.08,-0.11452,0.0,0.0,-38.955053420805996,0.0,-0.040999999999999995,0.0,-0.259,0.0,0.0,0.0,0.0,-0.069,0.0,-0.005818369259606326,0.0,0.0,0.0,5.0,0.2,0.0,0.0,0.328,0.0,0.564,0.0,0.0,0.24,0.0,0.0,0.2,0.0,0.7569,0.0,3060.67,1.8,0.7569,0.122,0.0,0.0,0.511,0.0,0.533,0.0,0.0,0.263,0.035,11.0,2.2,1313.59,0.026,0.0261,0.0,0.0,1.0,1.303,7.0,0.0,0
17_RT,5,Q3,Sign,FrostDam,7.0,29.0,0.0,4,5,0,0,38,1,0,0.0,0.0,0,0,5.0,0.2,0.937,0,0,0.2,0.0,0.0,0.0,0.6085,0.5605,0.0,0.0,3207.65,2341.83,2.3,2.3,0.6085,0.5605,0.135,0.137,1.6,2.81,0.005,0.001,0.13221,0.00024,0.0,0.0,0.0,0.0,1,1.067,7.0,0,457.674,315.4076850984068,1.201,0.0,0.0,0.0,0.0,0.0,0.0,0.0,0.0,0.107,0.0,0.0,0.062,0.0,0.0,0.0,0.0,0.0,0.0,0.0,0.7474000000000001,0.8997188378631678,External_Hazard,Not_Applicable,0.0,0,0.7370000000000001,0,-0.2,0.0,-0.04800000000000004,0.0,-865.8200000000002,0.0,-0.04800000000000004,0.0020000000000000018,1.21,-0.004,-0.13197,0.0,0.0,-142.2663149015932,-1.201,0.0,0.0,0.0,0.107,0.0,-0.062,0.0,0.0,0.0,0.1523188378631677,0.0,0.0,0.0,5.0,0.2,0.98,1.796,0.0,0.0,0.0,0.0,0.0,0.0,0.0,0.0,0.0,0.0,0.1737,0.0,3326.42,2.3,0.1737,0.132,0.0,0.975,0.032,0.0,0.0,0.008,0.0,0.0,0.0,8.0,1.6,2122.15,0.002,0.02964,0.0,0.0,1.0,1.067,7.0,0.0,0
18_RT,5,Q1,Animal,Dog,4.0,2.0,5.0,1,1,0,0,46,0,1,0.0,0.0,0,0,5.0,0.2,0.0,0,0,0.0,0.0,0.0,0.0,0.9909,1.0,0.0,0.0,3332.81,0.0,1.8,1.0,0.9909,1.0,0.117,0.109,1.2,0.0,0.041,0.009,0.00088,0.0,0.0,0.0,7.0,0.0,1,1.54,4.0,1,335.87600000000003,0.0,1.522,1.54,0.0,0.0,0.0,0.0,0.0,0.0,0.0,0.0,0.0,0.0,0.094,0.0,0.0,0.0,0.0,0.0,0.0,0.0,0.6768,0.0,External_Hazard,Not_Applicable,0.0,0,-0.2,0,0.0,0.0,0.009099999999999997,0.0,-3332.81,-0.8,0.009099999999999997,-0.008000000000000007,-1.2,-0.032,-0.00088,0.0,-7.0,-335.87600000000003,0.018000000000000016,0.0,0.0,0.0,0.0,0.0,-0.094,0.0,0.0,0.0,-0.6768,NaN,NaN,NaN,NaN,NaN,NaN,NaN,NaN,NaN,NaN,NaN,NaN,NaN,NaN,NaN,NaN,NaN,NaN,NaN,NaN,NaN,NaN,NaN,NaN,NaN,NaN,NaN,NaN,NaN,NaN,NaN,NaN,NaN,NaN,NaN,NaN,NaN,NaN,NaN,NaN,NaN,NaN,NaN,0
18_RT,5,Q2,Name,Name2,5.0,2.0,5.0,1,1,0,0,46,0,1,0.0,0.0,0,0,5.0,0.4,0.0,0,0,0.2,0.0,0.0,0.0,0.848,1.0,0.0,0.0,2271.85,2662.97,1.7,1.8,0.848,1.0,0.122,0.12,1.4,2.88,0.005,0.001,0.06951,0.0,0.0,0.0,0.0,0.0,1,2.083,5.0,0,206.05,818.036485837734,0.0,0.373,0.0,0.0,0.0,0.0,0.0,0.0,0.0,0.414,0.0,0.0,0.064,0.269,0.0,0.0,0.0,0.0,0.0,0.0,0.9872,0.49303888622179554,Dashboard_Recall,Visual_Search,0.0,0,-0.4,0,-0.2,0.0,0.15200000000000002,0.0,391.1199999999999,0.10000000000000009,0.15200000000000002,-0.0020000000000000018,1.48,-0.004,-0.06951,0.0,0.0,611.9864858377339,0.373,0.0,0.0,0.0,0.414,0.0,0.20500000000000002,0.0,0.0,0.0,-0.49416111377820443,0.0,0.0,0.0,5.0,0.0,0.0,0.117,0.0,0.0,0.0,0.248,0.0,0.0,0.0,0.0,0.0,0.0,1.0,0.0,2702.4,1.6,1.0,0.124,0.179,0.0,0.0,0.0,0.0,0.285,0.0,0.0,0.0,11.0,2.2,2028.83,0.039,0.0,0.0,0.0,1.0,1.54,4.0,1.0,0
18_RT,5,Q3,Sign,FrostDam,7.0,2.0,5.0,1,1,0,0,46,0,1,0.0,0.0,0,0,5.0,0.6,0.0,0,0,0.0,0.0,0.0,0.0,0.0773,0.1095,0.0,0.0,2620.5,2534.1,1.9,2.4,0.0773,0.1095,0.12,0.151,1.0,1.04,0.066,0.006,0.00051,1e-05,0.0,0.0,0.0,0.0,1,0.962,7.0,0,198.85399999999998,103.33679833679834,0.41,0.454,0.0,0.0,0.0,0.0,0.0,0.0,0.064,0.0,0.0,0.0,0.767,0.0,0.0,0.0,0.0,0.0,0.0,0.0,0.7518,0.5280665280665281,External_Hazard,Not_Applicable,0.0,0,-0.6,0,0.0,0.0,0.032200000000000006,0.0,-86.40000000000009,0.5,0.032200000000000006,0.031,0.040000000000000036,-0.060000000000000005,-0.0005,0.0,0.0,-95.51720166320165,0.04400000000000004,0.0,0.0,0.0,-0.064,0.0,-0.767,0.0,0.0,0.0,-0.22373347193347193,0.0,0.0,0.0,5.0,0.6,0.418,1.61,0.0,0.256,0.0,0.688,0.0,0.0,0.0,0.0,0.4,0.0,0.2,0.0,2288.45,2.0,0.1761,0.118,0.096,0.31,0.0,0.159,0.0,0.767,0.0,0.0,0.0,14.0,2.8,1781.76,0.047,0.07764,0.0,0.0,1.0,2.083,5.0,0.0,0
19_RT,5,Q1,Animal,Dog,7.0,25.0,0.0,4,4,0,0,10,1,0,0.0,0.0,0,0,5.0,0.4,0.0,0,0,0.2,0.0,0.0,0.0,0.6648,0.808,0.0,0.0,1738.42,1867.92,1.1,1.0,0.6648,0.808,0.092,0.097,0.8,1.59,0.117,0.001,0.12869,0.00464,0.0,0.0,0.0,0.0,1,1.255,7.0,1,37.65,141.52191235059763,1.168,0.822,0.0,0.0,0.0,0.0,0.0,0.0,0.0,0.0,2.248,0.0,0.0,0.0,0.0,0.0,0.0,0.0,0.0,0.0,0.3167999999999999,0.3450199203187251,External_Hazard,Not_Applicable,0.0,0,-0.4,0,-0.2,0.0,0.1432000000000001,0.0,129.5,-0.10000000000000009,0.1432000000000001,0.0050000000000000044,0.79,-0.116,-0.12405,0.0,0.0,103.87191235059763,-0.346,0.0,0.0,0.0,0.0,-2.248,0.0,0.0,0.0,0.0,0.028219920318725167,NaN,NaN,NaN,NaN,NaN,NaN,NaN,NaN,NaN,NaN,NaN,NaN,NaN,NaN,NaN,NaN,NaN,NaN,NaN,NaN,NaN,NaN,NaN,NaN,NaN,NaN,NaN,NaN,NaN,NaN,NaN,NaN,NaN,NaN,NaN,NaN,NaN,NaN,NaN,NaN,NaN,NaN,NaN,0
19_RT,5,Q2,Name,Name2,7.0,25.0,0.0,4,4,0,0,10,1,0,0.0,0.0,0,0,5.0,0.0,0.0,0,0,0.0,0.0,0.0,0.0,1.0,1.0,0.0,0.0,3001.59,3133.1,1.0,1.3,1.0,1.0,0.097,0.084,2.6,1.52,0.045,0.012,0.0,0.0,0.0,0.0,10.4,0.0,1,1.978,7.0,0,553.2760000000001,192.45702730030334,0.0,0.0,0.066,0.0,0.0,0.0,0.0,0.0,0.0,0.0,0.0,0.0,0.727,0.0,0.0,0.0,0.168,0.0,0.037,0.0,0.8004,1.0,Dashboard_Recall,Working_Memory,0.0,0,0.0,0,0.0,0.0,0.0,0.0,131.50999999999976,0.30000000000000004,0.0,-0.012999999999999998,-1.08,-0.033,0.0,0.0,-10.4,-360.8189726996967,0.0,-0.066,0.0,0.0,0.0,0.0,-0.727,0.0,-0.168,-0.037,0.1996,0.0,0.0,0.0,5.0,0.0,0.438,0.0,0.2,0.0,0.0,0.248,0.0,0.0,0.0,0.0,0.0,0.0,1.0,0.0,3190.5,1.0,1.0,0.099,0.554,0.0,0.227,0.0,0.0,0.032,0.0,0.0,0.0,12.0,2.4,2637.66,0.023,0.0,0.0,0.0,1.0,1.255,7.0,1.0,0
19_RT,5,Q3,Sign,FrostDam,7.0,25.0,0.0,4,4,0,0,10,1,0,0.0,0.0,0,0,5.0,0.4,0.0,0,0,0.0,0.0,0.0,0.0,0.0762,0.0834,0.0,0.0,2686.57,1974.66,1.9,2.6,0.068,0.0834,0.11,0.16,1.4,1.73,0.248,0.025,0.00243,0.0,0.0,0.0,0.0,0.0,1,1.157,7.0,0,146.878,142.7398444252377,2.092,0.482,0.0,0.0,0.0,0.0,0.0,0.0,0.089,0.0,0.0,0.0,0.0,0.0,0.0,0.0,0.0,0.0,0.0,0.0,0.5638,0.5834053586862575,External_Hazard,Not_Applicable,0.0,0,-0.4,0,0.0,0.0,0.007199999999999998,0.0,-711.9100000000001,0.7000000000000002,0.015399999999999997,0.05,0.33000000000000007,-0.223,-0.00243,0.0,0.0,-4.138155574762294,-1.61,0.0,0.0,0.0,-0.089,0.0,0.0,0.0,0.0,0.0,0.019605358686257568,0.0,0.0,0.0,5.0,0.6,0.0,0.748,0.336,0.0,0.0,0.0,0.0,0.0,0.0,0.0,0.2,0.0,0.2566,0.0,2765.45,1.9,0.2491,0.122,0.089,0.0,0.074,0.0,0.0,0.0,0.0,0.0,0.0,10.0,2.0,1118.17,0.426,0.0886,0.4,0.0,1.0,1.978,7.0,0.0,0
20_RT,5,Q1,Animal,Dog,7.0,2.0,15.0,1,2,6,0,20,0,1,0.0,0.0,0,0,5.0,0.0,0.848,0,0,0.0,0.0,0.0,0.0,0.9723,0.4559,0.0,0.0,2487.41,0.0,1.9,1.4,0.9723,0.4559,0.133,0.097,1.4,0.0,0.026,0.005,0.00287,0.00017,0.0,0.0,0.0,0.0,1,1.179,7.0,0,152.426,0.0,1.269,0.676,0.517,0.0,0.0,0.0,0.0,0.0,0.0,0.0,0.563,0.2,0.0,0.0,0.0,0.0,0.025,0.0,0.0,0.0,0.5252,0.2569974554707378,External_Hazard,Not_Applicable,0.0,0,0.848,0,0.0,0.0,-0.5164,0.0,-2487.41,-0.5,-0.5164,-0.036000000000000004,-1.4,-0.020999999999999998,-0.0027,0.0,0.0,-152.426,-0.5929999999999999,-0.517,0.0,0.0,0.0,-0.36299999999999993,0.0,0.0,-0.025,0.0,-0.2682025445292622,NaN,NaN,NaN,NaN,NaN,NaN,NaN,NaN,NaN,NaN,NaN,NaN,NaN,NaN,NaN,NaN,NaN,NaN,NaN,NaN,NaN,NaN,NaN,NaN,NaN,NaN,NaN,NaN,NaN,NaN,NaN,NaN,NaN,NaN,NaN,NaN,NaN,NaN,NaN,NaN,NaN,NaN,NaN,0
20_RT,5,Q2,Name,Name2,6.0,2.0,15.0,1,2,6,0,20,0,1,0.0,0.0,0,0,5.0,0.6,0.0,0,0,0.0,0.0,0.0,0.0,0.7798,0.6338,0.0,0.0,2750.84,3556.46,2.0,2.3,0.7798,0.6338,0.135,0.135,2.6,1.98,0.04,0.001,0.01201,0.00025,0.0,0.0,0.0,0.0,1,1.513,6.0,0,435.03999999999996,594.9438202247192,0.0,0.432,0.407,0.0,0.0,0.0,0.0,0.0,0.634,0.596,0.0,0.103,1.071,0.036,0.0,0.0,0.0,0.0,0.0,0.0,0.5776,0.22868473231989417,Dashboard_Recall,Visual_Search,0.0,0,-0.6,0,0.0,0.0,-0.14600000000000002,0.0,805.6199999999999,0.2999999999999998,-0.14600000000000002,0.0,-0.6200000000000001,-0.039,-0.01176,0.0,0.0,159.9038202247192,0.432,-0.407,0.0,0.0,-0.038000000000000034,0.103,-1.035,0.0,0.0,0.0,-0.34891526768010583,0.0,0.0,0.0,5.0,0.2,0.81,0.0,0.322,0.0,0.0,0.772,0.0,0.0,0.0,0.0,0.2,0.0,0.9812,0.0,3066.88,1.7,0.9812,0.133,0.828,0.0,0.543,0.0,0.0,0.834,0.0,0.0,0.0,13.0,2.6,2723.08,0.048,0.00283,0.0,0.0,1.0,1.179,7.0,0.0,0
20_RT,5,Q3,Sign,FrostDam,7.0,2.0,15.0,1,2,6,0,20,0,1,0.0,0.0,0,0,5.0,0.4,0.0,0,0,0.2,0.0,0.0,0.0,0.1432,0.0297,0.0,0.0,3442.12,1476.21,2.4,2.6,0.1432,-0.0297,0.137,0.141,1.0,0.74,0.002,0.004,0.02599,7e-05,0.0,0.0,0.0,0.0,1,1.347,7.0,0,226.494,29.710467706013365,0.956,0.992,0.0,0.0,0.0,0.0,0.0,0.0,1.119,0.265,0.0,0.0,0.036,0.0,0.432,0.0,0.0,0.0,0.0,0.0,0.49139999999999995,0.06681514476614689,External_Hazard,Not_Applicable,0.0,0,-0.4,0,-0.2,0.0,-0.11349999999999999,0.0,-1965.9099999999999,0.20000000000000018,-0.1729,0.003999999999999976,-0.26,0.002,-0.02592,0.0,0.0,-196.78353229398664,0.03600000000000003,0.0,0.0,0.0,-0.854,0.0,-0.036,-0.432,0.0,0.0,-0.42458485523385303,0.0,0.0,0.0,5.0,0.4,3.836,3.836,0.0,0.0,0.0,0.0,0.0,0.0,0.0,0.0,0.2,0.0,0.077,0.0,3003.66,2.4,0.0675,0.138,1.271,1.316,0.0,0.0,0.0,0.0,0.0,0.0,0.0,3.0,0.6,337.72,0.006,0.00593,0.0,0.0,1.0,1.513,6.0,0.0,0
21_RT,5,Q1,Animal,Dog,2.0,35.0,0.0,5,3,0,0,100,1,0,0.0,0.0,0,0,5.0,0.2,0.0,0,0,0.2,0.0,0.0,0.0,0.9744,1.0,0.0,0.0,2830.45,1919.75,1.8,2.0,0.9744,1.0,0.13,0.138,2.6,2.08,0.01,0.003,0.00401,0.0,0.0,0.0,0.0,0.0,0,2.406,2.0,1,582.982,251.60016625103907,0.757,0.107,0.0,0.0,0.0,0.0,0.0,0.033,0.0,0.0,0.0,0.0,0.231,0.0,0.0,0.0,0.0,0.0,0.0,0.0,0.8024000000000001,0.941812136325852,External_Hazard,Not_Applicable,0.0,0,-0.2,0,-0.2,0.0,0.025599999999999956,0.0,-910.6999999999998,0.19999999999999996,0.025599999999999956,0.008000000000000007,-0.52,-0.007,-0.00401,0.0,0.0,-331.3818337489609,-0.65,0.0,0.0,0.033,0.0,0.0,-0.231,0.0,0.0,0.0,0.13941213632585192,NaN,NaN,NaN,NaN,NaN,NaN,NaN,NaN,NaN,NaN,NaN,NaN,NaN,NaN,NaN,NaN,NaN,NaN,NaN,NaN,NaN,NaN,NaN,NaN,NaN,NaN,NaN,NaN,NaN,NaN,NaN,NaN,NaN,NaN,NaN,NaN,NaN,NaN,NaN,NaN,NaN,NaN,NaN,0
21_RT,5,Q2,Name,Name2,1.0,35.0,0.0,5,3,0,0,100,1,0,0.0,0.0,0,0,5.0,0.0,0.326,0,1,0.0,0.326,0.0,0.0,1.0,0.5251,0.0,0.0,2189.87,1710.23,2.7,3.0,1.0,0.5251,0.163,0.171,1.8,1.3,0.068,0.039,0.0,0.06105,0.0,0.0,0.0,0.0,0,3.072,1.0,1,204.894,72.05078125,0.0,0.0,0.0,0.0,0.0,0.0,0.0,0.0,0.0,0.0,0.0,0.0,0.0,0.0,0.0,0.0,0.0,0.0,0.0,0.0,1.0,1.0,Dashboard_Recall,Working_Memory,0.0,0,0.326,1,0.326,0.0,-0.4749,0.0,-479.6399999999999,0.2999999999999998,-0.4749,0.008000000000000007,-0.5,-0.029000000000000005,0.06105,0.0,0.0,-132.84321875,0.0,0.0,0.0,0.0,0.0,0.0,0.0,0.0,0.0,0.0,0.0,0.0,0.0,0.0,5.0,0.0,0.0,0.0,0.0,NaN,0.0,0.0,0.0,0.0,0.0,0.0,0.0,0.0,1.0,0.0,2141.64,2.7,1.0,0.164,0.0,0.0,0.0,0.0,0.0,0.0,0.0,0.0,0.0,10.0,2.0,1082.62,0.051,0.0,0.0,0.0,0.0,2.406,2.0,1.0,0
21_RT,5,Q3,Sign,FrostDam,1.0,35.0,0.0,5,3,0,0,100,1,0,0.0,0.0,0,0,5.0,0.6,0.0,0,0,0.6,0.0,0.0,0.0,0.2745,0.5528,0.0,0.0,2025.69,0.0,3.2,3.4,0.2706,0.5528,0.168,0.19,1.2,0.0,0.039,0.009,0.03492,0.00768,0.0,0.0,0.0,0.0,0,1.323,1.0,1,141.20999999999998,0.0,0.115,0.0,0.0,0.0,0.0,0.0,0.0,0.0,0.0,0.0,0.0,0.0,0.0,0.0,0.0,0.0,0.0,0.0,0.0,0.0,0.977,1.0,External_Hazard,Not_Applicable,0.0,0,-0.6,0,-0.6,0.0,0.27829999999999994,0.0,-2025.69,0.19999999999999973,0.28219999999999995,0.021999999999999992,-1.2,-0.03,-0.02724,0.0,0.0,-141.20999999999998,-0.115,0.0,0.0,0.0,0.0,0.0,0.0,0.0,0.0,0.0,0.02300000000000002,0.0,0.0,0.0,5.0,0.2,0.0,0.0,0.0,NaN,0.0,0.0,0.0,0.0,0.0,0.0,0.2,0.0,0.4329,0.0,2201.04,3.4,0.4238,0.175,0.0,0.115,0.0,0.0,0.0,0.0,0.0,0.0,0.0,5.0,1.0,707.58,0.013,0.11845,0.0,0.0,0.0,3.072,1.0,1.0,1
22_RT,5,Q1,Animal,Dog,6.0,11.0,0.0,2,4,3,0,43,1,0,0.0,0.0,0,0,5.0,0.2,0.0,0,0,0.2,0.0,0.0,0.0,0.86,0.7837,0.0,0.0,3510.38,2800.36,2.0,1.8,0.86,0.7837,0.164,0.09,2.2,1.13,0.425,0.141,0.04026,0.00094,0.0,0.0,0.0,0.0,0,2.663,6.0,1,307.568,131.1002628614345,0.0,1.066,1.033,0.133,0.0,0.0,0.0,0.0,0.0,0.0,0.327,0.137,0.0,0.0,0.0,0.0,0.033,0.0,0.0,0.0,0.7214,0.4983101764926774,External_Hazard,Not_Applicable,0.0,0,-0.2,0,-0.2,0.0,-0.07630000000000003,0.0,-710.02,-0.19999999999999996,-0.07630000000000003,-0.07400000000000001,-1.0700000000000003,-0.28400000000000003,-0.039319999999999994,0.0,0.0,-176.4677371385655,1.066,-0.8999999999999999,0.0,0.0,0.0,-0.19,0.0,0.0,-0.033,0.0,-0.22308982350732265,NaN,NaN,NaN,NaN,NaN,NaN,NaN,NaN,NaN,NaN,NaN,NaN,NaN,NaN,NaN,NaN,NaN,NaN,NaN,NaN,NaN,NaN,NaN,NaN,NaN,NaN,NaN,NaN,NaN,NaN,NaN,NaN,NaN,NaN,NaN,NaN,NaN,NaN,NaN,NaN,NaN,NaN,NaN,0
22_RT,5,Q2,Name,Name2,7.0,11.0,0.0,2,4,3,0,43,1,0,0.0,0.0,0,0,5.0,0.0,0.0,0,0,0.0,0.0,0.0,0.0,1.0,0.824,0.0,0.0,2961.96,3218.96,2.6,2.7,1.0,0.824,0.167,0.149,2.2,2.59,0.191,0.001,0.0,0.00811,0.0,0.0,0.0,0.0,1,1.929,7.0,0,244.11399999999998,688.8439606013478,0.0,0.0,0.361,0.0,0.0,0.0,0.03,0.0,0.0,0.0,0.0,0.0,0.0,0.0,0.0,0.0,0.036,0.0,0.034,0.042,0.9077999999999999,0.9782270606531882,Dashboard_Recall,Working_Memory,0.0,0,0.0,0,0.0,0.0,-0.17600000000000005,0.0,257.0,0.10000000000000009,-0.17600000000000005,-0.018000000000000016,0.3899999999999997,-0.19,0.00811,0.0,0.0,444.72996060134784,0.0,-0.361,0.0,-0.03,0.0,0.0,0.0,0.0,-0.036,0.008,0.07042706065318827,0.0,0.0,0.0,5.0,0.2,0.424,0.0,0.592,0.0,0.0,0.0,0.0,0.0,0.0,0.0,0.0,0.0,0.9986,0.0,2907.74,2.3,0.9986,0.165,0.372,0.0,0.398,0.0,0.03,0.0,0.0,0.034,0.073,12.0,2.4,1345.36,0.449,2e-05,0.2,0.0,0.0,2.663,6.0,1.0,0
22_RT,5,Q3,Sign,FrostDam,7.0,11.0,0.0,2,4,3,0,43,1,0,0.0,0.0,0,0,5.0,0.0,0.0,0,0,0.0,0.0,0.0,0.0,0.1619,0.0846,0.0,0.0,3777.63,3667.14,2.6,3.0,0.1619,0.0846,0.142,0.185,2.0,0.68,0.009,0.044,0.00946,0.00068,0.0,0.0,0.0,0.0,1,1.467,7.0,0,378.87800000000004,121.13837764144513,0.399,1.254,0.888,0.0,0.0,0.0,0.0,0.0,1.44,0.0,0.0,0.0,0.34,0.0,0.0,0.0,0.0,0.104,0.0,0.0,0.38660000000000005,0.07430129516019085,External_Hazard,Not_Applicable,0.0,0,0.0,0,0.0,0.0,-0.0773,0.0,-110.49000000000024,0.3999999999999999,-0.0773,0.04300000000000001,-1.3199999999999998,0.034999999999999996,-0.00878,0.0,0.0,-257.7396223585549,0.855,-0.888,0.0,0.0,-1.44,0.0,-0.34,0.0,0.104,0.0,-0.3122987048398092,0.0,0.0,0.0,5.0,0.0,2.052,1.52,0.508,0.0,0.0,0.304,0.0,0.0,0.0,0.0,0.0,0.0,0.224,0.0,3854.14,2.6,0.224,0.143,1.465,0.067,0.632,0.0,0.0,0.34,0.0,0.0,0.0,8.0,1.6,1583.27,0.008,0.01343,0.0,0.0,1.0,1.929,7.0,0.0,0
23_RT,5,Q1,Animal,Dog,6.0,4.0,0.0,2,1,0,0,43,1,0,0.0,0.0,0,0,5.0,0.0,0.0,0,0,0.0,0.0,0.0,0.0,0.9529,0.4434,0.0,0.0,2629.36,4042.22,1.7,2.0,0.9529,0.4434,0.162,0.127,2.4,2.31,0.373,0.024,0.00858,0.00999,0.6,0.771,21.8,29.8,1,1.297,6.0,0,362.916,326.29144178874327,0.934,0.558,0.0,0.0,0.0,0.0,0.0,0.0,0.0,0.0,0.765,0.0,0.202,0.0,0.0,0.0,0.0,0.0,0.0,0.0,0.6198,0.5697764070932921,External_Hazard,Not_Applicable,0.0,0,0.0,0,0.0,0.0,-0.5095,0.0,1412.8599999999997,0.30000000000000004,-0.5095,-0.035,-0.08999999999999986,-0.349,0.0014099999999999998,0.17100000000000004,8.0,-36.624558211256726,-0.376,0.0,0.0,0.0,0.0,-0.765,-0.202,0.0,0.0,0.0,-0.05002359290670788,NaN,NaN,NaN,NaN,NaN,NaN,NaN,NaN,NaN,NaN,NaN,NaN,NaN,NaN,NaN,NaN,NaN,NaN,NaN,NaN,NaN,NaN,NaN,NaN,NaN,NaN,NaN,NaN,NaN,NaN,NaN,NaN,NaN,NaN,NaN,NaN,NaN,NaN,NaN,NaN,NaN,NaN,NaN,0
23_RT,5,Q2,Name,Name2,6.0,4.0,0.0,2,1,0,0,43,1,0,0.0,0.0,0,0,5.0,0.2,0.0,0,0,0.2,0.0,0.0,0.0,0.9407,0.9917,0.0,0.0,2571.84,3789.54,1.9,2.1,0.9407,0.9917,0.094,0.126,1.8,3.33,0.228,0.034,0.01717,2e-05,0.4,0.0,45.3,26.1,1,1.2,6.0,0,168.128,925.4333333333334,0.0,0.077,0.0,0.0,0.0,0.0,0.0,0.0,0.0,0.066,0.0,0.071,0.0,0.0,0.0,0.0,0.0,0.0,0.0,0.0,1.0,0.8216666666666667,Dashboard_Recall,Visual_Search,0.0,0,-0.2,0,-0.2,0.0,0.051000000000000045,0.0,1217.6999999999998,0.20000000000000018,0.051000000000000045,0.032,1.53,-0.194,-0.017150000000000002,-0.4,-19.199999999999996,757.3053333333335,0.077,0.0,0.0,0.0,0.066,0.071,0.0,0.0,0.0,0.0,-0.17833333333333334,0.0,0.0,0.0,5.0,0.0,0.0,0.0,0.0,0.0,0.0,0.104,0.0,0.0,0.252,0.0,0.0,0.0,0.9462,0.0,3035.37,2.1,0.9462,0.136,0.0,0.0,0.039,0.0,0.0,0.327,0.0,0.0,0.26,11.0,2.2,1899.61,0.556,0.0103,0.4,39.1,1.0,1.297,6.0,0.0,0
23_RT,5,Q3,Sign,FrostDam,6.0,4.0,0.0,2,1,0,0,43,1,0,0.0,0.0,0,0,5.0,0.4,0.0,0,0,0.0,0.0,0.0,0.0,0.0469,0.3207,0.0,0.0,3112.47,2886.32,2.6,2.3,0.0358,0.3207,0.147,0.16,2.4,0.79,0.182,0.021,0.00117,0.0072,0.2,0.794,25.2,12.8,1,1.26,6.0,0,407.5,191.86507936507937,1.552,0.723,0.0,0.0,0.0,0.0,0.0,0.0,0.069,0.0,0.0,0.0,0.427,0.0,0.0,0.0,0.263,0.0,0.0,0.0,0.5378000000000001,0.42619047619047623,External_Hazard,Not_Applicable,0.0,0,-0.4,0,0.0,0.0,0.2738,0.0,-226.14999999999964,-0.30000000000000027,0.2849,0.013000000000000012,-1.6099999999999999,-0.161,0.00603,0.5940000000000001,-12.399999999999999,-215.63492063492063,-0.8290000000000001,0.0,0.0,0.0,-0.069,0.0,-0.427,0.0,-0.263,0.0,-0.11160952380952383,0.0,0.0,0.0,5.0,0.4,0.0,1.502,0.0,0.0,0.0,0.348,0.0,0.0,0.0,0.0,0.2,0.0,0.082,0.0,2955.47,2.3,0.0541,0.134,0.069,0.783,0.0,0.0,0.0,0.427,0.0,0.0,0.0,11.0,2.2,1726.7,0.39,0.01539,0.4,27.3,1.0,1.2,6.0,0.0,0
24_RT,5,Q1,Animal,Dog,4.0,3.0,3.0,1,1,1,0,47,1,0,0.0,0.0,0,0,5.0,0.2,0.0,0,0,0.0,0.0,0.0,0.0,0.9913,0.6833,0.0,0.0,3284.27,2571.06,1.6,1.6,0.9913,0.6833,0.132,0.108,1.6,0.38,0.178,0.006,0.00058,0.04814,0.4,0.0,0.0,0.0,1,2.662,4.0,0,453.12,66.48384673178062,0.91,1.297,0.174,0.0,0.0,0.0,0.059,0.0,0.0,0.0,0.528,0.0,0.642,0.0,0.0,0.0,0.078,0.0,0.0,0.0,0.5218,0.5127723516153269,External_Hazard,Not_Applicable,0.0,0,-0.2,0,0.0,0.0,-0.30799999999999994,0.0,-713.21,0.0,-0.30799999999999994,-0.024000000000000007,-1.2200000000000002,-0.172,0.047560000000000005,-0.4,0.0,-386.6361532682194,0.3869999999999999,-0.174,0.0,-0.059,0.0,-0.528,-0.642,0.0,-0.078,0.0,-0.009027648384673181,NaN,NaN,NaN,NaN,NaN,NaN,NaN,NaN,NaN,NaN,NaN,NaN,NaN,NaN,NaN,NaN,NaN,NaN,NaN,NaN,NaN,NaN,NaN,NaN,NaN,NaN,NaN,NaN,NaN,NaN,NaN,NaN,NaN,NaN,NaN,NaN,NaN,NaN,NaN,NaN,NaN,NaN,NaN,0
24_RT,5,Q2,Name,Name2,7.0,3.0,3.0,1,1,1,0,47,1,0,0.0,0.0,0,0,5.0,0.4,0.0,0,0,0.2,0.0,0.0,0.0,0.6382,1.0,0.0,0.0,2849.63,3339.83,1.5,1.8,0.6382,1.0,0.109,0.169,1.6,1.84,0.069,0.08,0.12724,0.0,0.0,0.0,7.5,0.0,1,1.631,7.0,0,262.052,610.2575107296137,0.0,0.26,0.0,0.035,0.0,0.0,0.177,0.072,0.0,0.0,0.0,0.0,0.503,0.0,0.0,0.0,0.0,0.0,0.0,0.0,0.8640000000000001,0.7749846719803801,Dashboard_Recall,Visual_Search,0.0,0,-0.4,0,-0.2,0.0,0.3618,0.0,490.1999999999998,0.30000000000000004,0.3618,0.06000000000000001,0.24,0.010999999999999996,-0.12724,0.0,-7.5,348.2055107296137,0.26,0.035,0.0,-0.105,0.0,0.0,-0.503,0.0,0.0,0.0,-0.08901532801961998,0.0,0.0,0.0,5.0,0.2,0.0,0.0,0.0,0.0,0.0,0.116,0.0,0.0,0.0,0.0,0.2,0.0,0.9592,0.0,2489.26,1.9,0.9592,0.125,0.0,0.0,0.0,0.0,0.223,0.262,0.0,0.0,0.0,10.0,2.0,1493.39,0.101,0.00928,0.0,0.0,1.0,2.662,4.0,0.0,0
24_RT,5,Q3,Sign,FrostDam,7.0,3.0,3.0,1,1,1,0,47,1,0,0.0,0.0,0,0,5.0,0.6,0.0,0,0,0.2,0.0,0.0,0.0,0.17,0.0818,0.0,0.0,2823.77,3022.46,2.3,2.9,0.161,0.0818,0.13,0.191,1.0,0.57,0.166,0.103,0.07331,0.00019,0.6,0.0,15.1,0.0,1,1.748,7.0,0,80.748,101.84782608695652,1.649,1.065,0.0,0.0,0.0,0.0,0.03,0.07,0.82,0.0,0.0,0.0,0.0,0.0,0.0,0.0,0.0,0.0,0.0,0.0,0.5002,0.35068649885583525,External_Hazard,Not_Applicable,0.0,0,-0.6,0,-0.2,0.0,-0.08820000000000001,0.0,198.69000000000005,0.6000000000000001,-0.0792,0.061,-0.43000000000000005,-0.06300000000000001,-0.07312,-0.6,-15.1,21.09982608695651,-0.5840000000000001,0.0,0.0,0.04000000000000001,-0.82,0.0,0.0,0.0,0.0,0.0,-0.14951350114416473,0.0,0.0,0.0,5.0,0.4,2.107,0.863,0.0,0.0,0.0,0.0,0.0,0.0,0.0,0.0,0.2,0.0,0.5732,0.0,2332.77,2.5,0.5622,0.146,0.932,0.341,0.0,0.0,0.03,0.0,0.0,0.0,0.0,8.0,1.6,563.86,0.126,0.20754,0.0,1.7,1.0,1.631,7.0,0.0,0
25_RT,5,Q1,Animal,Dog,7.0,47.0,0.0,5,3,0,0,54,0,1,0.0,0.0,0,0,5.0,0.2,0.0,0,0,0.2,0.0,0.0,0.0,0.8078,0.5878,0.0,0.0,1338.54,3046.41,2.2,2.7,0.8078,0.5878,0.179,0.068,2.4,1.2,0.153,0.076,0.02843,0.00092,0.0,0.0,0.0,70.2,1,0.833,7.0,0,77.886,142.72509003601442,0.239,0.732,0.0,0.0,0.0,0.0,0.0,0.0,0.0,0.0,0.0,0.0,0.0,0.0,0.0,0.0,0.0,0.0,0.0,0.0,0.9522,0.12124849939975989,External_Hazard,Not_Applicable,0.0,0,-0.2,0,-0.2,0.0,-0.21999999999999997,0.0,1707.87,0.5,-0.21999999999999997,-0.11099999999999999,-1.2,-0.077,-0.02751,0.0,70.2,64.83909003601443,0.493,0.0,0.0,0.0,0.0,0.0,0.0,0.0,0.0,0.0,-0.8309515006002401,NaN,NaN,NaN,NaN,NaN,NaN,NaN,NaN,NaN,NaN,NaN,NaN,NaN,NaN,NaN,NaN,NaN,NaN,NaN,NaN,NaN,NaN,NaN,NaN,NaN,NaN,NaN,NaN,NaN,NaN,NaN,NaN,NaN,NaN,NaN,NaN,NaN,NaN,NaN,NaN,NaN,NaN,NaN,0
25_RT,5,Q2,Name,Name2,6.0,47.0,0.0,5,3,0,0,54,0,1,0.0,0.0,0,0,5.0,0.2,0.0,0,0,0.2,0.0,0.0,0.0,0.862,0.9998,0.0,0.0,1485.2,3272.47,2.8,3.2,0.862,0.9998,0.165,0.189,1.6,2.4,0.063,0.007,0.0292,0.0,0.0,0.0,0.0,0.0,1,1.25,6.0,0,66.438,430.488,0.0,0.0,0.0,0.0,0.0,0.0,0.0,0.0,0.0,0.0,0.0,0.0,0.0,0.0,0.0,0.0,0.0,0.105,0.0,0.0,1.0,0.916,Dashboard_Recall,Working_Memory,0.0,0,-0.2,0,-0.2,0.0,0.13780000000000003,0.0,1787.2699999999998,0.40000000000000036,0.13780000000000003,0.023999999999999994,0.7999999999999998,-0.056,-0.0292,0.0,0.0,364.05,0.0,0.0,0.0,0.0,0.0,0.0,0.0,0.0,0.105,0.0,-0.08399999999999996,0.0,0.0,0.0,5.0,0.0,0.0,0.096,0.0,0.0,0.0,0.0,0.0,0.0,0.0,0.0,0.0,0.0,1.0,0.0,1647.09,2.3,1.0,0.158,0.0,0.095,0.0,0.0,0.0,0.0,0.0,0.0,0.0,11.0,2.2,583.13,0.156,0.0,0.2,0.0,1.0,0.833,7.0,0.0,0
25_RT,5,Q3,Sign,FrostDam,1.0,47.0,0.0,5,3,0,0,54,0,1,0.0,0.0,0,0,5.0,0.6,0.0,0,0,0.4,0.0,0.0,0.0,0.5315,0.3824,0.0,0.0,2751.39,1210.99,3.6,2.9,0.4925,0.3824,0.178,0.15,1.0,1.4,0.192,0.018,0.18974,0.01702,0.0,0.0,0.0,0.0,0,2.146,1.0,1,137.808,45.81547064305685,0.0,0.107,0.0,0.0,0.0,0.0,0.0,0.0,0.299,0.6,0.0,0.0,0.0,0.0,0.0,0.0,0.105,0.0,0.0,0.0,0.9192,0.6705498602050327,External_Hazard,Not_Applicable,0.0,0,-0.6,0,-0.4,0.0,-0.14909999999999995,0.0,-1540.3999999999999,-0.7000000000000002,-0.11009999999999998,-0.027999999999999997,0.3999999999999999,-0.17400000000000002,-0.17271999999999998,0.0,0.0,-91.99252935694315,0.107,0.0,0.0,0.0,0.301,0.0,0.0,0.0,-0.105,0.0,-0.2486501397949673,0.0,0.0,0.0,5.0,0.6,3.144,3.144,0.0,0.0,0.0,0.0,0.0,0.0,0.0,0.0,0.4,0.0,0.2819,0.0,1603.75,3.5,0.2446,0.163,0.898,0.107,0.0,0.0,0.0,0.0,0.0,0.0,0.0,4.0,0.8,227.6,0.313,0.04274,0.2,0.0,1.0,1.25,6.0,0.0,1
26_RT,5,Q1,Animal,Dog,7.0,6.0,9.0,1,1,0,0,56,0,1,0.0,0.0,0,0,5.0,0.6,0.0,0,0,0.2,0.0,0.0,0.0,0.8889,0.7803,0.0,0.0,2114.46,3588.97,2.0,2.6,0.8889,0.7803,0.141,0.231,2.6,0.84,0.314,0.142,0.00482,3e-05,0.4,0.0,19.7,0.0,1,1.196,7.0,0,338.61199999999997,127.61705685618729,0.478,0.893,0.0,0.0,0.0,0.0,0.0,0.0,0.0,0.0,0.331,0.0,0.0,0.0,0.0,0.0,0.0,0.0,0.0,0.0,0.8382,0.2533444816053511,External_Hazard,Not_Applicable,0.0,0,-0.6,0,-0.2,0.0,-0.10860000000000003,0.0,1474.5099999999998,0.6000000000000001,-0.10860000000000003,0.09000000000000002,-1.7600000000000002,-0.17200000000000001,-0.00479,-0.4,-19.7,-210.9949431438127,0.41500000000000004,0.0,0.0,0.0,0.0,-0.331,0.0,0.0,0.0,0.0,-0.5848555183946489,NaN,NaN,NaN,NaN,NaN,NaN,NaN,NaN,NaN,NaN,NaN,NaN,NaN,NaN,NaN,NaN,NaN,NaN,NaN,NaN,NaN,NaN,NaN,NaN,NaN,NaN,NaN,NaN,NaN,NaN,NaN,NaN,NaN,NaN,NaN,NaN,NaN,NaN,NaN,NaN,NaN,NaN,NaN,0
26_RT,5,Q2,Name,Name2,5.0,6.0,9.0,1,1,0,0,56,0,1,12.0,0.0,0,0,5.0,0.2,0.0,0,0,0.2,0.0,0.0,0.0,0.8652,0.9977,0.0,0.0,2667.81,2317.36,2.6,2.5,0.8652,0.9977,0.149,0.103,2.8,2.14,0.153,0.052,0.01408,0.0,0.0,0.0,12.0,0.0,1,1.404,5.0,0,620.1800000000001,219.40883190883193,0.0,0.0,0.012,0.126,0.0,0.0,0.0,0.0,0.0,0.0,0.0,0.0,0.202,0.0,0.0,0.0,0.0,0.0,0.0,0.0,0.9571999999999999,0.9102564102564104,Dashboard_Recall,Working_Memory,-12.0,0,-0.2,0,-0.2,0.0,0.13250000000000006,0.0,-350.4499999999998,-0.10000000000000009,0.13250000000000006,-0.046,-0.6599999999999997,-0.101,-0.01408,0.0,-12.0,-400.77116809116814,0.0,0.114,0.0,0.0,0.0,0.0,-0.202,0.0,0.0,0.0,-0.04694358974358959,1.0,12.0,0.0,5.0,0.4,0.256,0.0,0.0,0.0,0.0,0.152,0.0,0.0,0.0,0.0,0.2,0.0,0.8739,0.0,3008.05,2.7,0.8739,0.137,0.3,0.0,0.0,0.0,0.0,0.202,0.0,0.0,0.0,15.0,3.0,3509.42,0.193,0.01855,0.4,12.0,1.0,1.196,7.0,0.0,0
26_RT,5,Q3,Sign,FrostDam,7.0,6.0,9.0,1,1,0,0,56,0,1,24.0,0.0,0,0,5.0,0.2,0.0,0,0,0.2,0.0,0.0,0.0,0.3269,0.0305,0.0,0.0,1716.32,1966.77,3.0,3.1,0.322,0.0305,0.177,0.12,1.2,0.85,0.192,0.02,0.10264,0.0,0.0,0.0,4.5,0.0,1,1.178,7.0,0,54.084,56.25636672325976,1.093,1.178,0.0,0.0,0.0,0.0,0.0,0.0,0.592,0.0,0.0,0.0,0.0,0.0,0.0,0.0,0.0,0.0,0.0,0.0,0.663,0.0,External_Hazard,Not_Applicable,-24.0,0,-0.2,0,-0.2,0.0,-0.2964,0.0,250.45000000000005,0.10000000000000009,-0.2915,-0.056999999999999995,-0.35,-0.17200000000000001,-0.10264,0.0,-4.5,2.1723667232597563,0.08499999999999996,0.0,0.0,0.0,-0.592,0.0,0.0,0.0,0.0,0.0,-0.663,2.0,24.0,0.0,5.0,0.2,0.14,5.456,0.0,0.0,0.0,0.0,0.0,0.0,0.0,0.0,0.2,0.0,0.3297,0.0,1716.32,3.0,0.3247,0.177,0.592,1.076,0.0,0.0,0.0,0.0,0.0,0.0,0.0,6.0,1.2,270.42,0.194,0.10347,0.0,4.5,1.0,1.404,5.0,0.0,0
27_RT,5,Q1,Animal,Dog,6.0,12.0,20.0,2,3,5,0,78,0,1,0.0,0.0,0,0,5.0,0.2,0.0,0,0,0.0,0.0,0.0,0.0,0.8418,0.6502,0.0,0.0,1763.75,0.0,1.7,1.7,0.8418,0.6502,0.112,0.101,0.4,0.0,0.008,0.006,0.03317,0.00173,0.0,0.0,0.0,0.0,1,1.474,6.0,0,27.195999999999998,0.0,0.502,1.474,0.0,0.0,0.0,0.0,0.0,0.0,0.0,0.0,0.0,0.0,0.0,0.0,0.0,0.0,0.0,0.0,0.0,0.0,0.8996000000000001,0.0,External_Hazard,Not_Applicable,0.0,0,-0.2,0,0.0,0.0,-0.1916,0.0,-1763.75,0.0,-0.1916,-0.010999999999999996,-0.4,-0.002,-0.031439999999999996,0.0,0.0,-27.195999999999998,0.972,0.0,0.0,0.0,0.0,0.0,0.0,0.0,0.0,0.0,-0.8996000000000001,NaN,NaN,NaN,NaN,NaN,NaN,NaN,NaN,NaN,NaN,NaN,NaN,NaN,NaN,NaN,NaN,NaN,NaN,NaN,NaN,NaN,NaN,NaN,NaN,NaN,NaN,NaN,NaN,NaN,NaN,NaN,NaN,NaN,NaN,NaN,NaN,NaN,NaN,NaN,NaN,NaN,NaN,NaN,0
27_RT,5,Q2,Name,Name2,7.0,12.0,20.0,2,3,5,0,78,0,1,0.0,0.0,0,0,5.0,0.0,0.0,0,0,0.0,0.0,0.0,0.0,0.6573,0.3428,0.0,0.0,3202.0,4626.43,1.8,2.0,0.6573,0.3428,0.121,0.119,1.4,1.67,0.004,0.001,0.02347,2e-05,0.0,0.0,0.0,0.0,1,1.2,7.0,0,392.066,583.35,0.0,0.0,0.0,0.0,0.0,0.0,0.0,0.0,0.873,0.534,0.032,0.107,0.507,0.03,0.0,0.0,0.0,0.0,0.09,0.0,0.6996,0.4408333333333333,Dashboard_Recall,Working_Memory,0.0,0,0.0,0,0.0,0.0,-0.3145,0.0,1424.4300000000003,0.19999999999999996,-0.3145,-0.0020000000000000018,0.27,-0.003,-0.023450000000000002,0.0,0.0,191.28400000000005,0.0,0.0,0.0,0.0,-0.33899999999999997,0.075,-0.477,0.0,0.0,-0.09,-0.2587666666666667,0.0,0.0,0.0,5.0,0.2,1.047,0.923,0.0,NaN,0.0,0.264,0.0,0.0,0.0,0.0,0.0,0.0,0.9947,0.0,2980.46,1.4,0.9947,0.114,1.164,0.0,0.0,0.0,0.0,0.3,0.0,0.0,0.0,9.0,1.8,1752.33,0.022,0.00024,0.0,0.0,1.0,1.474,6.0,0.0,0
27_RT,5,Q3,Sign,FrostDam,7.0,12.0,20.0,2,3,5,0,78,0,1,0.0,0.0,0,0,5.0,0.2,0.0,0,0,0.0,0.0,0.0,0.0,0.0536,0.2001,0.0,0.0,2469.43,2210.19,2.0,2.6,0.0536,0.2001,0.131,0.137,0.8,1.66,0.022,0.004,0.00192,0.00077,0.0,0.0,0.0,0.0,1,1.208,7.0,0,103.40599999999999,157.4834437086093,3.321,0.342,0.2,0.0,0.0,0.0,0.0,0.0,0.247,0.617,0.0,0.0,0.0,0.0,0.0,0.0,0.0,0.0,0.0,0.0,0.24639999999999995,0.20612582781456945,External_Hazard,Not_Applicable,0.0,0,-0.2,0,0.0,0.0,0.1465,0.0,-259.2399999999998,0.6000000000000001,0.1465,0.006000000000000005,0.8599999999999999,-0.018,-0.00115,0.0,0.0,54.077443708609295,-2.979,-0.2,0.0,0.0,0.37,0.0,0.0,0.0,0.0,0.0,-0.0402741721854305,0.0,0.0,0.0,5.0,0.0,2.904,3.437,0.152,NaN,0.0,0.0,0.0,0.0,0.0,0.0,0.0,0.0,0.0838,0.0,2469.43,2.0,0.0838,0.125,0.245,2.961,0.2,0.0,0.0,0.0,0.0,0.0,0.0,4.0,0.8,517.03,0.01,0.00593,0.0,0.0,1.0,1.2,7.0,0.0,0
28_RT,5,Q1,Animal,Dog,6.0,5.0,0.0,1,4,0,0,44,0,1,0.0,0.0,0,0,5.0,0.4,0.0,0,0,0.2,0.0,0.0,0.0,0.6454,0.9445,0.0,0.0,3087.71,1203.18,1.9,2.6,0.6454,0.9445,0.167,0.143,2.4,0.73,0.468,0.004,0.04963,0.00084,0.0,0.0,0.0,0.0,1,1.374,6.0,0,350.178,16.72489082969432,0.0,1.104,0.333,0.0,0.0,0.0,0.0,0.0,0.0,0.0,0.132,0.025,0.0,0.0,0.0,0.0,0.905,0.0,0.0,0.0,0.726,0.17831149927219803,External_Hazard,Not_Applicable,0.0,0,-0.4,0,-0.2,0.0,0.29910000000000003,0.0,-1884.53,0.7000000000000002,0.29910000000000003,-0.02400000000000002,-1.67,-0.464,-0.04879,0.0,0.0,-333.45310917030565,1.104,-0.333,0.0,0.0,0.0,-0.10700000000000001,0.0,0.0,-0.905,0.0,-0.547688500727802,NaN,NaN,NaN,NaN,NaN,NaN,NaN,NaN,NaN,NaN,NaN,NaN,NaN,NaN,NaN,NaN,NaN,NaN,NaN,NaN,NaN,NaN,NaN,NaN,NaN,NaN,NaN,NaN,NaN,NaN,NaN,NaN,NaN,NaN,NaN,NaN,NaN,NaN,NaN,NaN,NaN,NaN,NaN,0
28_RT,5,Q2,Name,Name2,6.0,5.0,0.0,1,4,0,0,44,0,1,0.0,0.0,0,0,5.0,0.4,0.0,0,0,0.4,0.0,0.0,0.0,0.8718,0.7993,0.0,0.0,2507.94,2336.01,2.4,2.5,0.8718,0.7993,0.15,0.153,1.2,2.24,0.011,0.002,0.02054,0.00165,0.0,0.0,0.0,0.0,1,1.337,6.0,0,119.70599999999999,471.114435302917,0.0,0.0,0.106,0.0,0.0,0.0,0.0,0.0,0.0,0.067,0.0,0.0,0.0,0.196,0.0,0.0,0.0,0.0,0.0,0.0,0.9788,0.8032909498878085,Dashboard_Recall,Working_Memory,0.0,0,-0.4,0,-0.4,0.0,-0.07250000000000001,0.0,-171.92999999999984,0.10000000000000009,-0.07250000000000001,0.0030000000000000027,1.0400000000000003,-0.009,-0.01889,0.0,0.0,351.40843530291704,0.0,-0.106,0.0,0.0,0.067,0.0,0.196,0.0,0.0,0.0,-0.17550905011219153,0.0,0.0,0.0,5.0,0.2,0.802,0.802,0.304,NaN,0.0,0.0,0.0,0.0,0.0,0.0,0.0,0.0,0.9494,0.0,2793.88,2.2,0.9494,0.14,0.667,0.0,0.174,0.0,0.0,0.0,0.0,0.0,0.03,7.0,1.4,837.78,0.014,0.0051,0.0,0.0,1.0,1.374,6.0,0.0,0
28_RT,5,Q3,Sign,FrostDam,7.0,5.0,0.0,1,4,0,0,44,0,1,0.0,0.0,0,0,5.0,0.2,0.0,0,0,0.2,0.0,0.0,0.0,0.174,0.2799,0.0,0.0,3266.07,3405.28,2.6,2.9,0.174,0.2799,0.144,0.162,1.0,0.63,0.024,0.009,0.01083,0.00684,0.0,0.0,0.0,0.0,1,1.582,7.0,0,157.976,91.90265486725663,2.415,1.317,0.194,0.0,0.0,0.0,0.0,0.0,0.906,0.0,0.0,0.0,0.0,0.0,0.0,0.0,0.439,0.0,0.0,0.0,0.20919999999999997,0.16750948166877377,External_Hazard,Not_Applicable,0.0,0,-0.2,0,-0.2,0.0,0.1059,0.0,139.21000000000004,0.2999999999999998,0.1059,0.018000000000000016,-0.37,-0.015000000000000001,-0.00399,0.0,0.0,-66.07334513274337,-1.098,-0.194,0.0,0.0,-0.906,0.0,0.0,0.0,-0.439,0.0,-0.041690518331226195,0.0,0.0,0.0,5.0,0.0,2.252,2.395,0.0,NaN,0.0,0.333,0.0,0.0,0.3,0.0,0.0,0.0,0.2393,0.0,3416.71,2.6,0.2393,0.144,1.238,1.552,0.194,0.0,0.0,0.012,0.267,0.0,0.439,7.0,1.4,1309.05,0.025,0.01861,0.0,0.0,1.0,1.337,6.0,0.0,0
29_RT,5,Q1,Animal,Dog,5.0,26.5,0.0,3,4,0,0,76,0,1,0.0,0.0,0,0,5.0,0.2,0.0,0,0,0.2,0.0,0.0,0.0,0.8001,0.9543,0.0,0.0,2483.31,2303.71,2.1,2.3,0.8001,0.9543,0.157,0.121,2.0,2.02,0.76,0.019,0.05046,0.0014,0.4,0.0,0.0,0.0,1,1.488,5.0,0,229.51799999999997,216.32392473118279,0.076,1.055,0.0,0.0,0.0,0.0,0.0,0.0,0.0,0.0,0.0,0.059,0.0,0.0,0.0,0.0,1.346,0.0,0.0,0.0,0.7156,0.25134408602150543,External_Hazard,Not_Applicable,0.0,0,-0.2,0,-0.2,0.0,0.1542,0.0,-179.5999999999999,0.19999999999999973,0.1542,-0.036000000000000004,0.020000000000000018,-0.741,-0.04906,-0.4,0.0,-13.194075268817187,0.979,0.0,0.0,0.0,0.0,0.059,0.0,0.0,-1.346,0.0,-0.4642559139784946,NaN,NaN,NaN,NaN,NaN,NaN,NaN,NaN,NaN,NaN,NaN,NaN,NaN,NaN,NaN,NaN,NaN,NaN,NaN,NaN,NaN,NaN,NaN,NaN,NaN,NaN,NaN,NaN,NaN,NaN,NaN,NaN,NaN,NaN,NaN,NaN,NaN,NaN,NaN,NaN,NaN,NaN,NaN,0
29_RT,5,Q2,Name,Name2,7.0,26.5,0.0,3,4,0,0,76,0,1,0.0,0.0,0,0,5.0,0.4,0.442,0,0,0.2,0.442,0.0,0.0,0.8981,0.3661,0.0,0.0,2493.76,3232.31,2.3,2.4,0.8981,0.3661,0.138,0.153,2.4,1.33,0.028,0.036,0.03039,0.06292,0.0,0.0,0.0,0.0,1,2.263,7.0,0,311.618,341.40521431727797,0.0,0.134,0.0,0.0,0.0,0.0,0.0,0.0,0.0,0.0,0.0,0.0,0.0,0.2,0.0,0.0,0.762,0.0,0.0,0.0,0.8475999999999999,0.8524083075563411,Dashboard_Recall,Visual_Search,0.0,0,0.04199999999999998,0,0.242,0.0,-0.532,0.0,738.5499999999997,0.10000000000000009,-0.532,0.014999999999999986,-1.0699999999999998,0.007999999999999997,0.03253,0.0,0.0,29.78721431727797,0.134,0.0,0.0,0.0,0.0,0.0,0.2,0.0,-0.762,0.0,0.004808307556341207,0.0,0.0,0.0,5.0,0.0,0.0,0.0,0.0,0.0,0.0,0.0,0.0,0.0,0.259,0.0,0.0,0.0,0.8745,0.0,2625.8,2.3,0.8745,0.149,0.0,0.0,0.336,0.0,0.032,0.0,0.0,0.0,0.273,9.0,1.8,1224.82,0.02,0.03992,0.0,0.0,1.0,1.488,5.0,0.0,0
29_RT,5,Q3,Sign,FrostDam,6.0,26.5,0.0,3,4,0,0,76,0,1,0.0,0.0,0,0,5.0,0.6,0.712,0,0,0.2,0.0,0.0,0.0,0.2394,0.063,0.0,0.0,2833.89,3213.71,2.6,2.6,0.2389,0.063,0.149,0.136,2.4,2.14,0.051,0.001,0.028,0.00372,0.0,0.0,0.0,0.0,1,1.405,6.0,0,450.76000000000005,368.6690391459075,0.0,0.648,0.0,0.0,0.0,0.0,0.0,0.0,0.0,0.0,0.0,0.0,0.722,0.0,0.134,0.0,0.375,0.0,0.0,0.0,0.7538,0.5387900355871886,External_Hazard,Not_Applicable,0.0,0,0.11199999999999999,0,-0.2,0.0,-0.1764,0.0,379.82000000000016,0.0,-0.1759,-0.012999999999999984,-0.2599999999999998,-0.049999999999999996,-0.02428,0.0,0.0,-82.09096085409254,0.648,0.0,0.0,0.0,0.0,0.0,-0.722,-0.134,-0.375,0.0,-0.2150099644128114,0.0,0.0,0.0,5.0,0.6,0.0,1.092,0.0,0.0,0.0,0.428,0.0,0.0,0.32,0.0,0.6,0.0,0.1727,0.0,2986.19,2.7,0.1722,0.145,0.0,0.746,0.0,0.0,0.0,0.522,0.0,0.0,0.375,13.0,2.6,2251.99,0.007,0.01038,0.0,0.0,1.0,2.263,7.0,0.0,0
30_RT,5,Q1,Animal,Dog,7.0,43.0,0.0,5,2,0,0,37,1,0,24.0,46.71,0,0,5.0,0.4,0.0,0,0,0.0,0.0,0.0,0.0,0.9182,1.0,0.0,0.0,2266.35,1880.33,1.4,1.0,0.9182,1.0,0.158,0.034,2.4,1.56,0.343,0.057,0.01139,0.0,0.8,0.0,16.9,43.7,1,1.285,7.0,1,212.276,42.26459143968872,0.0,0.883,0.0,0.0,0.0,0.0,1.043,0.0,0.0,0.0,0.0,0.0,0.0,0.0,0.0,0.0,0.0,0.0,0.0,0.0,0.7914,0.31284046692607,External_Hazard,Not_Applicable,22.71,0,-0.4,0,0.0,0.0,0.08179999999999998,0.0,-386.02,-0.3999999999999999,0.08179999999999998,-0.124,-0.8399999999999999,-0.28600000000000003,-0.01139,-0.8,26.800000000000004,-170.01140856031128,0.883,0.0,0.0,-1.043,0.0,0.0,0.0,0.0,0.0,0.0,-0.47855953307393,NaN,NaN,NaN,NaN,NaN,NaN,NaN,NaN,NaN,NaN,NaN,NaN,NaN,NaN,NaN,NaN,NaN,NaN,NaN,NaN,NaN,NaN,NaN,NaN,NaN,NaN,NaN,NaN,NaN,NaN,NaN,NaN,NaN,NaN,NaN,NaN,NaN,NaN,NaN,NaN,NaN,NaN,NaN,0
30_RT,5,Q2,Name,Name2,5.0,43.0,0.0,5,2,0,0,37,1,0,48.0,14.48,0,0,5.0,0.2,0.0,0,0,0.2,0.0,0.0,0.0,0.8622,0.7435,0.0,0.0,3265.06,2219.56,1.7,1.9,0.8622,0.7435,0.138,0.108,2.4,1.93,0.191,0.32,0.00786,0.04525,0.2,0.241,21.4,43.2,1,4.144,5.0,0,301.892,183.65830115830116,0.0,0.0,0.031,0.0,0.0,0.0,0.107,0.0,0.0,0.465,0.0,0.289,0.0,0.0,0.0,0.0,0.11,0.0,0.0,0.0,0.9503999999999999,0.8180501930501931,Dashboard_Recall,Working_Memory,-33.519999999999996,0,-0.2,0,-0.2,0.0,-0.11869999999999992,0.0,-1045.5,0.19999999999999996,-0.11869999999999992,-0.030000000000000013,-0.47,0.129,0.03739,0.04099999999999998,21.800000000000004,-118.23369884169884,0.0,-0.031,0.0,-0.107,0.465,0.289,0.0,0.0,-0.11,0.0,-0.1323498069498068,4.0,48.0,0.0,5.0,0.0,0.787,0.128,0.156,0.0,0.0,0.0,0.0,0.0,0.0,0.0,0.0,0.0,1.0,0.0,2478.16,1.5,1.0,0.159,1.058,0.282,0.193,0.0,0.042,0.0,0.0,0.0,0.0,13.0,2.6,1371.59,0.3,0.0,0.6,27.5,1.0,1.285,7.0,1.0,0
30_RT,5,Q3,Sign,FrostDam,7.0,43.0,0.0,5,2,0,0,37,1,0,48.0,0.0,0,0,5.0,0.6,0.0,0,0,0.2,0.0,0.0,0.0,0.2233,0.4234,0.0,0.0,3507.29,1794.89,2.4,3.4,0.2233,0.4234,0.137,0.125,2.4,2.63,0.211,0.1,0.00359,0.01049,0.4,0.658,23.6,60.0,1,1.52,7.0,0,336.852,165.90131578947367,0.187,0.43,0.0,0.0,0.0,0.0,0.0,0.0,0.173,0.0,0.0,0.0,0.0,0.0,0.0,0.0,0.0,0.0,0.0,0.0,0.9279999999999999,0.7171052631578948,External_Hazard,Not_Applicable,-48.0,0,-0.6,0,-0.2,0.0,0.2001,0.0,-1712.3999999999999,1.0,0.2001,-0.01200000000000001,0.22999999999999998,-0.11099999999999999,0.0069,0.258,36.4,-170.9506842105263,0.243,0.0,0.0,0.0,-0.173,0.0,0.0,0.0,0.0,0.0,-0.21089473684210513,4.0,48.0,0.0,5.0,0.4,1.178,0.752,0.0,0.0,0.0,0.0,0.0,0.0,0.0,0.0,0.0,0.0,0.2143,0.0,3226.49,2.6,0.2143,0.162,0.139,0.348,0.0,0.0,0.0,0.0,0.0,0.0,0.0,13.0,2.6,1471.51,0.426,0.00184,0.4,25.3,1.0,4.144,5.0,0.0,0
31_RT,5,Q1,Animal,Dog,6.0,1.67,12.0,1,4,3,0,7,0,1,0.0,0.0,0,0,5.0,0.2,0.0,0,0,0.2,0.0,0.0,0.0,0.6099,0.6423,0.0,0.0,2966.23,0.0,1.7,1.9,0.6029,0.6423,0.171,0.042,2.2,0.0,0.685,0.443,0.15969,0.02443,0.0,0.0,0.0,64.4,1,2.203,6.0,0,398.148,0.0,0.0,1.792,0.0,0.0,0.0,0.0,0.134,0.0,0.0,0.0,0.0,0.0,0.762,0.0,0.0,0.0,0.632,0.0,0.0,0.0,0.6944,0.1865637766681797,External_Hazard,Not_Applicable,0.0,0,-0.2,0,-0.2,0.0,0.032399999999999984,0.0,-2966.23,0.19999999999999996,0.03939999999999999,-0.129,-2.2,-0.24200000000000005,-0.13526,0.0,64.4,-398.148,1.792,0.0,0.0,-0.134,0.0,0.0,-0.762,0.0,-0.632,0.0,-0.5078362233318203,NaN,NaN,NaN,NaN,NaN,NaN,NaN,NaN,NaN,NaN,NaN,NaN,NaN,NaN,NaN,NaN,NaN,NaN,NaN,NaN,NaN,NaN,NaN,NaN,NaN,NaN,NaN,NaN,NaN,NaN,NaN,NaN,NaN,NaN,NaN,NaN,NaN,NaN,NaN,NaN,NaN,NaN,NaN,0
31_RT,5,Q2,Name,Name2,5.0,1.67,12.0,1,4,3,0,7,0,1,0.0,0.0,0,0,5.0,0.4,0.0,0,0,0.4,0.0,0.0,0.0,0.7283,0.8866,0.0,0.0,3425.58,3729.7,2.4,2.6,0.7283,0.8866,0.145,0.134,2.2,2.55,0.014,0.031,0.08324,0.0149,0.0,0.0,0.0,0.0,1,2.354,5.0,0,526.73,544.4435004248088,0.0,0.0,0.498,0.0,0.0,0.0,0.0,0.0,0.0,0.0,0.0,0.0,0.902,0.258,0.0,0.0,0.594,0.235,0.0,0.0,0.6012000000000001,0.7905692438402719,Dashboard_Recall,Working_Memory,0.0,0,-0.4,0,-0.4,0.0,0.1583000000000001,0.0,304.1199999999999,0.20000000000000018,0.1583000000000001,-0.010999999999999982,0.34999999999999964,0.017,-0.06834,0.0,0.0,17.713500424808785,0.0,-0.498,0.0,0.0,0.0,0.0,-0.644,0.0,-0.359,0.0,0.18936924384027187,1.0,12.0,0.0,5.0,0.2,0.436,0.0,0.276,0.0,0.0,0.504,0.0,0.244,0.32,0.0,0.2,0.0,0.9061,0.0,2750.17,2.1,0.9061,0.151,0.454,0.0,0.304,0.0,0.0,0.431,0.0,0.296,0.404,14.0,2.8,2433.04,0.114,0.02341,0.0,0.0,1.0,2.203,6.0,0.0,0
31_RT,5,Q3,Sign,FrostDam,7.0,1.67,12.0,1,4,3,0,7,0,1,0.0,0.0,0,0,5.0,0.4,0.0,0,0,0.0,0.0,0.0,0.0,0.0238,0.0314,0.0,0.0,3391.85,0.0,2.5,2.7,-0.004,0.0314,0.14,0.163,0.6,0.0,0.037,0.013,0.00092,8e-05,0.0,0.0,0.0,0.0,1,1.048,7.0,0,96.696,0.0,0.908,0.755,0.031,0.0,0.0,0.0,0.0,0.0,0.0,0.293,0.0,0.0,0.0,0.0,0.0,0.0,0.475,0.0,0.0,0.0,0.7172,0.0,External_Hazard,Not_Applicable,0.0,0,-0.4,0,0.0,0.0,0.007599999999999996,0.0,-3391.85,0.20000000000000018,0.0354,0.022999999999999993,-0.6,-0.024,-0.00084,0.0,0.0,-96.696,-0.15300000000000002,-0.031,0.0,0.0,0.293,0.0,0.0,0.0,-0.475,0.0,-0.7172,0.0,0.0,0.0,5.0,0.4,4.064,1.908,0.0,0.0,0.0,0.0,0.0,0.0,0.6,0.0,0.0,0.0,0.023,0.0,3391.85,2.5,-0.0051,0.14,0.0,0.932,0.031,0.0,0.0,0.0,0.0,0.0,0.475,3.0,0.6,483.48,0.037,0.00085,0.0,0.0,1.0,2.354,5.0,0.0,0
32_RT,5,Q1,Animal,Dog,5.0,18.0,20.0,3,1,2,0,52,1,0,24.0,0.0,0,0,5.0,0.2,0.0,0,0,0.2,0.0,0.0,0.0,0.9219,0.7999,0.0,0.0,3175.47,1232.89,1.8,2.3,0.9219,0.7999,0.177,0.057,1.2,0.96,0.392,0.251,0.01214,0.00696,0.4,0.0,14.1,46.7,1,2.075,5.0,0,72.074,33.40722891566264,0.827,1.661,0.073,0.0,0.0,0.0,0.0,0.0,0.0,0.0,0.0,0.0,0.0,0.0,0.0,0.0,0.0,0.0,0.037,0.0,0.8126,0.1995180722891567,External_Hazard,Not_Applicable,-24.0,0,-0.2,0,-0.2,0.0,-0.122,0.0,-1942.5799999999997,0.4999999999999998,-0.122,-0.12,-0.24,-0.14100000000000001,-0.00518,-0.4,32.6,-38.666771084337356,0.8340000000000001,-0.073,0.0,0.0,0.0,0.0,0.0,0.0,0.0,-0.037,-0.6130819277108432,NaN,NaN,NaN,NaN,NaN,NaN,NaN,NaN,NaN,NaN,NaN,NaN,NaN,NaN,NaN,NaN,NaN,NaN,NaN,NaN,NaN,NaN,NaN,NaN,NaN,NaN,NaN,NaN,NaN,NaN,NaN,NaN,NaN,NaN,NaN,NaN,NaN,NaN,NaN,NaN,NaN,NaN,NaN,0
32_RT,5,Q2,Name,Name2,6.0,18.0,20.0,3,1,2,0,52,1,0,12.0,0.0,0,0,5.0,0.0,0.0,0,0,0.0,0.0,0.0,0.0,1.0,0.896,0.0,0.0,3206.38,2268.28,2.1,2.2,1.0,0.896,0.117,0.03,1.4,1.39,0.443,0.366,0.0,0.00684,0.4,0.462,28.3,82.0,1,2.163,6.0,0,183.92000000000002,115.35367545076284,0.0,0.0,0.047,0.0,0.0,0.0,0.0,0.0,0.0,0.0,0.0,0.144,0.0,0.0,0.0,0.0,0.0,0.0,0.014,0.0,0.9878,0.9334257975034673,Dashboard_Recall,Working_Memory,-12.0,0,0.0,0,0.0,0.0,-0.10399999999999998,0.0,-938.0999999999999,0.10000000000000009,-0.10399999999999998,-0.08700000000000001,-0.010000000000000009,-0.07700000000000001,0.00684,0.062,53.7,-68.56632454923718,0.0,-0.047,0.0,0.0,0.0,0.144,0.0,0.0,0.0,-0.014,-0.054374202496532686,2.0,24.0,0.0,5.0,0.0,0.072,0.0,0.0,0.0,0.0,0.0,0.0,0.0,0.0,0.0,0.0,0.0,1.0,0.0,3572.07,1.8,1.0,0.127,0.094,0.0,0.0,0.0,0.039,0.0,0.0,0.106,0.0,8.0,1.6,1101.0,0.782,0.0,0.4,34.1,1.0,2.075,5.0,0.0,0
32_RT,5,Q3,Sign,FrostDam,6.0,18.0,20.0,3,1,2,0,52,1,0,24.0,0.0,0,0,5.0,0.4,0.0,0,0,0.2,0.0,0.0,0.0,0.1536,0.125,0.0,0.0,3147.44,0.0,2.0,1.4,0.1536,0.125,0.085,0.095,1.2,0.0,0.625,0.294,0.02356,0.00311,0.2,0.559,64.3,43.2,1,3.576,6.0,0,87.374,0.0,0.0,2.052,0.0,0.0,0.0,0.0,0.0,0.0,1.051,0.442,0.0,0.0,0.0,0.0,0.0,0.0,0.0,0.0,0.046,0.0,0.7806,0.302572706935123,External_Hazard,Not_Applicable,-24.0,0,-0.4,0,-0.2,0.0,-0.028599999999999987,0.0,-3147.44,-0.6000000000000001,-0.028599999999999987,0.009999999999999995,-1.2,-0.331,-0.020450000000000003,0.35900000000000004,-21.099999999999994,-87.374,2.052,0.0,0.0,0.0,-0.609,0.0,0.0,0.0,0.0,-0.046,-0.47802729306487696,2.0,24.0,0.0,5.0,0.4,4.324,0.388,0.0,0.0,0.0,0.0,0.0,0.0,0.0,0.0,0.2,0.0,0.255,0.0,2886.69,2.1,0.255,0.099,1.054,0.0,0.0,0.0,0.0,0.0,0.0,0.0,0.0,3.0,0.6,185.37,0.586,0.0506,0.4,47.5,1.0,2.163,6.0,0.0,0
33_RT,5,Q1,Animal,Dog,7.0,6.0,1.0,3,3,2,0,53,0,1,36.0,0.0,0,0,5.0,0.2,0.0,0,0,0.2,0.0,0.0,0.0,0.5737,0.5772,0.0,0.0,2410.54,3527.0,1.4,2.5,0.5582,0.5772,0.181,0.108,3.0,0.46,1.15,0.244,0.18399,0.10204,0.2,0.0,0.0,14.5,1,2.182,7.0,0,435.514,95.21081576535289,0.0,1.32,0.134,0.0,0.0,0.0,0.074,0.0,0.0,0.0,0.0,0.0,1.053,0.0,0.0,0.0,0.118,0.259,0.0,0.0,0.7242,0.2763519706691108,External_Hazard,Not_Applicable,-36.0,0,-0.2,0,-0.2,0.0,0.0035000000000000586,0.0,1116.46,1.1,0.019000000000000017,-0.073,-2.54,-0.9059999999999999,-0.08194999999999998,-0.2,14.5,-340.3031842346471,1.32,-0.134,0.0,-0.074,0.0,0.0,-1.053,0.0,0.14100000000000001,0.0,-0.44784802933088913,NaN,NaN,NaN,NaN,NaN,NaN,NaN,NaN,NaN,NaN,NaN,NaN,NaN,NaN,NaN,NaN,NaN,NaN,NaN,NaN,NaN,NaN,NaN,NaN,NaN,NaN,NaN,NaN,NaN,NaN,NaN,NaN,NaN,NaN,NaN,NaN,NaN,NaN,NaN,NaN,NaN,NaN,NaN,0
33_RT,5,Q2,Name,Name2,7.0,6.0,1.0,3,3,2,0,53,0,1,0.0,59.53,0,0,5.0,0.4,0.0,0,0,0.2,0.0,0.0,0.0,0.7986,1.0,0.0,0.0,2929.72,2873.69,2.7,2.5,0.7986,1.0,0.167,0.134,2.4,2.48,0.191,0.017,0.05884,0.0,0.0,0.0,0.0,0.0,1,2.016,7.0,0,476.316,440.4365079365079,0.0,0.345,0.292,0.0,0.0,0.0,0.0,0.03,0.0,0.0,0.0,0.0,0.733,0.04,0.0,0.0,0.086,0.0,0.398,0.0,0.6982,0.7941468253968254,Dashboard_Recall,Visual_Search,59.53,0,-0.4,0,-0.2,0.0,0.20140000000000002,0.0,-56.029999999999745,-0.20000000000000018,0.20140000000000002,-0.033,0.08000000000000007,-0.174,-0.05884,0.0,0.0,-35.87949206349208,0.345,-0.292,0.0,0.03,0.0,0.0,-0.693,0.0,-0.086,-0.398,0.09594682539682531,0.0,0.0,0.0,5.0,0.4,1.349,0.0,0.708,0.0,0.0,0.0,0.0,0.456,0.0,0.0,0.2,0.0,0.8984,0.0,2235.71,2.4,0.8984,0.165,0.842,0.0,0.492,0.0,0.0,0.0,0.0,0.398,0.208,9.0,1.8,908.1,0.149,0.04092,0.4,0.0,1.0,2.182,7.0,0.0,0
33_RT,5,Q3,Sign,FrostDam,7.0,6.0,1.0,3,3,2,0,53,0,1,0.0,0.0,0,0,5.0,0.4,0.0,0,0,0.2,0.0,0.0,0.0,0.2756,0.0022,0.0,0.0,1976.13,2451.02,3.0,2.8,0.2551,-0.0001,0.161,0.156,2.2,1.29,0.332,0.009,0.14589,1e-05,0.2,0.0,13.4,0.0,1,1.554,7.0,0,159.222,126.62805662805663,0.296,0.42,0.0,0.0,0.0,0.0,0.0,0.0,0.334,0.197,0.0,0.0,0.0,0.0,0.0,0.0,1.169,0.0,0.0,0.0,0.6402,0.6029601029601029,External_Hazard,Not_Applicable,0.0,0,-0.4,0,-0.2,0.0,-0.27340000000000003,0.0,474.8899999999999,-0.20000000000000018,-0.2552,-0.0050000000000000044,-0.9100000000000001,-0.323,-0.14587999999999998,-0.2,-13.4,-32.59394337194338,0.124,0.0,0.0,0.0,-0.137,0.0,0.0,0.0,-1.169,0.0,-0.03723989703989705,0.0,0.0,0.0,5.0,0.4,0.204,0.0,0.0,0.0,0.0,0.0,0.149,0.0,1.12,0.0,0.2,0.0,0.3856,0.0,2179.04,3.0,0.365,0.158,0.334,0.0,0.0,0.0,0.0,0.0,0.187,0.0,1.169,11.0,2.2,1095.23,0.377,0.19331,0.4,13.4,1.0,2.016,7.0,0.0,0
34_RT,5,Q1,Animal,Dog,4.0,27.0,5.0,3,4,1,0,68,1,0,48.0,19.47,0,0,5.0,0.2,0.0,0,0,0.2,0.0,0.0,0.0,0.6668,0.999,0.0,0.0,2884.13,1724.45,1.6,1.4,0.6668,0.999,0.14,0.056,2.4,2.27,0.478,0.362,0.13047,0.0,0.0,0.0,0.0,58.8,1,3.082,4.0,0,298.656,214.74691758598314,0.0,0.23,0.171,0.0,0.0,0.0,0.035,0.062,0.0,0.0,0.0,0.0,0.114,0.0,0.0,0.0,0.0,0.0,0.0,0.0,0.9359999999999999,0.9052563270603505,External_Hazard,Not_Applicable,-28.53,0,-0.2,0,-0.2,0.0,0.33220000000000005,0.0,-1159.68,-0.20000000000000018,0.33220000000000005,-0.08400000000000002,-0.1299999999999999,-0.11599999999999999,-0.13047,0.0,58.8,-83.90908241401686,0.23,-0.171,0.0,0.026999999999999996,0.0,0.0,-0.114,0.0,0.0,0.0,-0.030743672939649414,NaN,NaN,NaN,NaN,NaN,NaN,NaN,NaN,NaN,NaN,NaN,NaN,NaN,NaN,NaN,NaN,NaN,NaN,NaN,NaN,NaN,NaN,NaN,NaN,NaN,NaN,NaN,NaN,NaN,NaN,NaN,NaN,NaN,NaN,NaN,NaN,NaN,NaN,NaN,NaN,NaN,NaN,NaN,0
34_RT,5,Q2,Name,Name2,7.0,27.0,5.0,3,4,1,0,68,1,0,24.0,23.83,0,0,5.0,0.4,0.794,0,1,0.4,0.0,0.0,0.0,0.8268,0.8169,0.0,0.0,2589.34,3168.31,2.9,2.7,0.8268,0.8169,0.145,0.125,2.8,3.18,0.14,0.095,0.03825,0.00153,0.0,0.0,0.0,0.0,1,2.518,7.0,0,376.098,561.902303415409,0.0,0.342,0.0,0.107,0.0,0.0,0.064,0.0,0.0,0.0,0.0,0.0,0.205,0.161,0.0,0.0,0.0,0.0,0.0,0.032,0.9461999999999999,0.7450357426528991,Dashboard_Recall,Visual_Search,-0.1700000000000017,0,0.394,1,-0.4,0.0,-0.00990000000000002,0.0,578.9699999999998,-0.19999999999999973,-0.00990000000000002,-0.01999999999999999,0.38000000000000034,-0.04500000000000001,-0.03672,0.0,0.0,185.80430341540904,0.342,0.107,0.0,-0.064,0.0,0.0,-0.043999999999999984,0.0,0.0,0.032,-0.20116425734710086,4.0,48.0,0.0,5.0,0.2,0.0,0.0,0.0,0.0,0.0,0.156,0.0,0.0,0.0,0.0,0.2,0.0,0.8156,0.0,2961.72,2.9,0.8156,0.171,0.0,0.0,0.0,0.0,0.032,0.205,0.0,0.0,0.0,13.0,2.6,1533.97,0.34,0.03534,0.2,0.0,1.0,3.082,4.0,0.0,0
34_RT,5,Q3,Sign,FrostDam,1.0,27.0,5.0,3,4,1,0,68,1,0,48.0,92.8,0,0,5.0,0.2,0.0,0,0,0.2,0.0,0.0,0.0,0.2355,0.7108,0.0,0.0,2796.38,3161.95,2.7,3.4,0.2355,0.7108,0.168,0.128,2.6,2.71,0.171,0.227,0.03962,0.05107,0.0,0.387,0.0,18.0,0,2.586,1.0,1,274.51599999999996,400.2204176334107,0.0,0.131,0.0,0.0,0.0,0.0,0.0,0.081,0.46,0.067,0.0,0.0,0.0,0.0,0.304,0.0,0.0,0.0,0.0,0.0,0.8472,0.8921113689095128,External_Hazard,Not_Applicable,44.8,0,-0.2,0,-0.2,0.0,0.4753,0.0,365.5699999999997,0.6999999999999997,0.4753,-0.04000000000000001,0.10999999999999988,0.055999999999999994,0.011449999999999995,0.387,18.0,125.70441763341074,0.131,0.0,0.0,0.081,-0.393,0.0,0.0,-0.304,0.0,0.0,0.04491136890951286,4.0,48.0,0.0,5.0,0.4,1.041,0.0,0.0,0.0,0.0,0.0,0.0,0.0,0.0,0.0,0.2,0.0,0.2046,0.0,2773.6,2.9,0.2046,0.18,0.522,0.0,0.0,0.0,0.0,0.0,0.0,0.0,0.0,14.0,2.8,1274.57,0.211,0.02105,0.0,0.0,1.0,2.518,7.0,0.0,1
35_RT,5,Q1,Animal,Dog,7.0,36.0,5.0,5,4,1,0,81,0,1,0.0,0.0,0,0,5.0,0.2,0.0,0,0,0.2,0.0,0.0,0.0,0.7874,0.8485,0.0,0.0,1605.29,1636.28,1.6,1.8,0.7874,0.8485,0.181,0.098,1.4,0.36,0.166,0.038,0.09723,0.02041,0.2,0.365,0.0,29.8,1,2.743,7.0,0,66.126,16.321545752825376,0.0,1.783,0.0,0.0,0.0,0.0,0.0,0.0,0.0,0.0,0.0,0.0,0.0,0.0,0.0,0.0,0.0,0.0,0.0,0.0,1.0,0.34998177178271966,External_Hazard,Not_Applicable,0.0,0,-0.2,0,-0.2,0.0,0.06110000000000004,0.0,30.99000000000001,0.19999999999999996,0.06110000000000004,-0.08299999999999999,-1.04,-0.128,-0.07682,0.16499999999999998,29.8,-49.80445424717463,1.783,0.0,0.0,0.0,0.0,0.0,0.0,0.0,0.0,0.0,-0.6500182282172804,NaN,NaN,NaN,NaN,NaN,NaN,NaN,NaN,NaN,NaN,NaN,NaN,NaN,NaN,NaN,NaN,NaN,NaN,NaN,NaN,NaN,NaN,NaN,NaN,NaN,NaN,NaN,NaN,NaN,NaN,NaN,NaN,NaN,NaN,NaN,NaN,NaN,NaN,NaN,NaN,NaN,NaN,NaN,0
35_RT,5,Q2,Name,Name2,7.0,36.0,5.0,5,4,1,0,81,0,1,0.0,0.0,0,0,5.0,0.2,0.0,0,0,0.2,0.0,0.0,0.0,0.9186,1.0,0.0,0.0,2859.91,2876.53,2.0,1.3,0.9186,1.0,0.123,0.004,1.4,2.32,0.022,0.039,0.0105,0.0,0.0,0.0,12.9,88.0,1,1.29,7.0,0,355.166,551.5426356589147,0.067,0.0,0.0,0.0,0.0,0.0,0.0,0.0,0.0,0.0,0.0,0.0,0.23,0.292,0.0,0.0,0.0,0.0,0.0,0.0,0.9406000000000001,0.7736434108527132,Dashboard_Recall,Working_Memory,0.0,0,-0.2,0,-0.2,0.0,0.08140000000000003,0.0,16.620000000000346,-0.7,0.08140000000000003,-0.119,0.9199999999999999,0.017,-0.0105,0.0,75.1,196.37663565891472,-0.067,0.0,0.0,0.0,0.0,0.0,0.06199999999999997,0.0,0.0,0.0,-0.16695658914728695,0.0,0.0,0.0,5.0,0.2,0.048,0.048,0.0,0.0,0.0,0.0,0.1,0.0,0.0,0.0,0.0,0.0,0.9897,0.0,2499.84,1.6,0.9897,0.175,0.0,0.0,0.0,0.0,0.0,0.0,0.067,0.0,0.0,6.0,1.2,885.09,0.209,0.00087,0.4,13.1,1.0,2.743,7.0,0.0,0
35_RT,5,Q3,Sign,FrostDam,7.0,36.0,5.0,5,4,1,0,81,0,1,0.0,0.0,0,0,5.0,0.2,0.0,0,0,0.0,0.0,0.0,0.0,0.0514,0.1128,0.0,0.0,2608.01,0.0,1.8,2.1,0.0514,0.1128,0.206,0.134,1.4,0.0,0.33,0.013,0.0003,0.00025,0.4,0.0,28.0,1.3,1,1.205,7.0,0,202.76600000000002,0.0,1.285,2.411,0.0,0.0,0.0,0.0,0.0,0.0,0.308,0.0,0.0,0.0,0.371,0.0,0.0,0.0,0.0,0.0,0.0,0.0,0.6072,-1.0008298755186722,External_Hazard,Not_Applicable,0.0,0,-0.2,0,0.0,0.0,0.061399999999999996,0.0,-2608.01,0.30000000000000004,0.061399999999999996,-0.07199999999999998,-1.4,-0.317,-4.999999999999997e-05,-0.4,-26.7,-202.76600000000002,1.1260000000000001,0.0,0.0,0.0,-0.308,0.0,-0.371,0.0,0.0,0.0,-1.6080298755186722,0.0,0.0,0.0,5.0,0.4,0.448,0.0,0.0,0.0,0.0,0.396,0.0,0.0,0.0,0.0,0.2,0.0,0.6063,0.0,2433.56,1.7,0.6063,0.12,0.197,0.0,0.0,0.0,0.0,0.489,0.079,0.0,0.0,11.0,2.2,2373.18,0.093,0.17552,0.2,14.2,1.0,1.29,7.0,0.0,0
36_RT,5,Q1,Animal,Dog,6.0,24.0,0.0,4,4,1,0,31,1,0,12.0,0.0,0,0,5.0,0.2,0.0,0,0,0.2,0.0,0.0,0.0,0.9623,0.6674,0.0,0.0,1629.73,2454.89,1.2,2.2,0.9623,0.6674,0.154,0.306,0.8,1.47,0.114,0.094,0.00481,0.00996,0.4,0.0,15.9,0.0,1,1.362,6.0,0,24.334,150.1468428781204,0.0,0.298,0.0,0.0,0.0,0.0,0.0,0.0,0.0,0.0,0.404,0.0,0.0,0.0,0.0,0.0,0.0,0.0,0.0,0.0,0.9192,0.7812041116005873,External_Hazard,Not_Applicable,-12.0,0,-0.2,0,-0.2,0.0,-0.29490000000000005,0.0,825.1599999999999,1.0000000000000002,-0.29490000000000005,0.152,0.6699999999999999,-0.020000000000000004,0.00515,-0.4,-15.9,125.81284287812039,0.298,0.0,0.0,0.0,0.0,-0.404,0.0,0.0,0.0,0.0,-0.13799588839941268,NaN,NaN,NaN,NaN,NaN,NaN,NaN,NaN,NaN,NaN,NaN,NaN,NaN,NaN,NaN,NaN,NaN,NaN,NaN,NaN,NaN,NaN,NaN,NaN,NaN,NaN,NaN,NaN,NaN,NaN,NaN,NaN,NaN,NaN,NaN,NaN,NaN,NaN,NaN,NaN,NaN,NaN,NaN,0
36_RT,5,Q2,Name,Name2,7.0,24.0,0.0,4,4,1,0,31,1,0,12.0,23.17,0,0,5.0,0.0,0.0,0,0,0.0,0.0,0.0,0.0,1.0,0.987,0.0,0.0,1329.46,2470.45,1.8,3.0,1.0,0.987,0.172,0.207,1.4,2.7,0.17,0.089,0.0,0.00037,0.4,0.386,30.6,10.5,1,2.589,7.0,0,51.064,404.2410196987254,0.0,0.744,0.0,0.192,0.0,0.0,0.0,0.0,0.0,0.0,0.0,0.0,0.0,0.138,0.0,0.0,0.0,0.103,0.0,0.0,1.0,0.5453843182696021,Dashboard_Recall,Visual_Search,11.170000000000002,0,0.0,0,0.0,0.0,-0.013000000000000012,0.0,1140.9899999999998,1.2,-0.013000000000000012,0.035,1.3000000000000003,-0.08100000000000002,0.00037,-0.014000000000000012,-20.1,353.17701969872536,0.744,0.192,0.0,0.0,0.0,0.0,0.138,0.0,0.103,0.0,-0.4546156817303979,0.0,0.0,0.0,5.0,0.2,0.0,0.0,0.0,0.0,0.0,0.0,0.0,0.0,0.0,0.0,0.2,0.0,0.9864,0.0,1391.88,1.8,0.9864,0.099,0.0,0.0,0.0,0.0,0.0,0.0,0.0,0.0,0.0,3.0,0.6,116.93,0.241,0.00175,0.4,48.4,1.0,1.362,6.0,0.0,1
36_RT,5,Q3,Sign,FrostDam,1.0,24.0,0.0,4,4,1,0,31,1,0,12.0,0.0,0,0,5.0,0.4,0.0,0,0,0.2,0.0,0.0,0.0,0.2259,0.841,0.0,0.0,2459.17,2280.58,2.2,2.0,0.2103,0.841,0.166,0.005,1.0,3.07,0.172,0.103,0.02283,0.03535,0.4,0.0,35.4,95.2,0,2.603,1.0,1,75.66799999999999,386.41567422205145,0.0,0.0,0.0,0.035,0.0,0.0,0.036,0.0,0.0,0.566,0.0,0.0,0.0,0.0,0.0,0.0,0.0,0.171,0.0,0.0,0.9928000000000001,0.7034191317710334,External_Hazard,Not_Applicable,-12.0,0,-0.4,0,-0.2,0.0,0.6151,0.0,-178.59000000000015,-0.20000000000000018,0.6307,-0.161,2.07,-0.06899999999999999,0.01252,-0.4,59.800000000000004,310.74767422205144,0.0,0.035,0.0,-0.036,0.566,0.0,0.0,0.0,0.171,0.0,-0.2893808682289667,1.0,12.0,0.0,5.0,0.6,0.0,0.0,0.0,0.132,0.0,0.0,0.0,0.0,0.0,1.0,0.4,0.0,0.2597,0.0,2320.64,2.2,-0.0328,0.132,0.0,0.0,0.0,0.039,0.008,0.0,0.0,0.0,0.0,7.0,1.4,523.71,0.16,0.09703,0.2,50.9,1.0,2.589,7.0,0.0,0
37_RT,5,Q1,Animal,Dog,5.0,39.0,43.0,5,2,4,0,31,0,1,0.0,40.01,0,0,5.0,0.2,0.0,0,0,0.2,0.0,0.0,0.0,0.7239,0.9749,0.0,0.0,1404.14,1706.71,1.7,1.4,0.7239,0.9749,0.202,0.013,0.4,1.33,0.334,0.081,0.11769,8e-05,0.2,0.0,6.4,82.3,1,1.5,5.0,0,16.06,95.25999999999999,0.247,1.013,0.0,0.0,0.0,0.0,0.0,0.0,0.0,0.0,0.0,0.0,0.0,0.0,0.0,0.0,0.0,0.0,0.0,0.0,0.9506,0.3246666666666667,External_Hazard,Not_Applicable,40.01,0,-0.2,0,-0.2,0.0,0.251,0.0,302.56999999999994,-0.30000000000000004,0.251,-0.189,0.93,-0.253,-0.11761,-0.2,75.89999999999999,79.19999999999999,0.7659999999999999,0.0,0.0,0.0,0.0,0.0,0.0,0.0,0.0,0.0,-0.6259333333333332,NaN,NaN,NaN,NaN,NaN,NaN,NaN,NaN,NaN,NaN,NaN,NaN,NaN,NaN,NaN,NaN,NaN,NaN,NaN,NaN,NaN,NaN,NaN,NaN,NaN,NaN,NaN,NaN,NaN,NaN,NaN,NaN,NaN,NaN,NaN,NaN,NaN,NaN,NaN,NaN,NaN,NaN,NaN,0
37_RT,5,Q2,Name,Name2,6.0,39.0,43.0,5,2,4,0,31,0,1,12.0,0.0,0,0,5.0,0.0,0.0,0,0,0.0,0.0,0.0,0.0,0.9952,0.9731,0.0,0.0,2199.62,2918.62,1.6,1.9,0.9952,0.9731,0.138,0.143,1.4,0.79,0.031,0.002,4e-05,6e-05,0.0,0.0,0.0,0.0,1,1.268,6.0,0,173.462,345.81230283911674,0.0,0.283,0.299,0.0,0.0,0.0,0.0,0.0,0.0,0.0,0.0,0.0,0.0,0.0,0.0,0.0,0.0,0.0,0.0,0.0,0.9401999999999999,0.776813880126183,Dashboard_Recall,Visual_Search,-12.0,0,0.0,0,0.0,0.0,-0.02210000000000001,0.0,719.0,0.2999999999999998,-0.02210000000000001,0.004999999999999977,-0.6099999999999999,-0.028999999999999998,1.9999999999999998e-05,0.0,0.0,172.35030283911675,0.283,-0.299,0.0,0.0,0.0,0.0,0.0,0.0,0.0,0.0,-0.1633861198738169,0.0,0.0,0.0,5.0,0.4,0.0,0.0,0.244,0.0,0.088,0.0,0.0,0.0,0.0,0.0,0.4,0.0,0.8737,0.0,1950.13,1.5,0.8737,0.142,0.0,0.0,0.202,0.0,0.094,0.0,0.0,0.0,0.0,5.0,1.0,540.24,0.121,0.01582,0.0,0.0,1.0,1.5,5.0,0.0,0
37_RT,5,Q3,Sign,FrostDam,7.0,39.0,43.0,5,2,4,0,31,0,1,0.0,48.17,0,0,5.0,0.4,0.0,0,0,0.2,0.0,0.0,0.0,0.1329,0.232,0.0,0.0,1714.67,2261.39,2.5,2.7,0.1329,0.232,0.167,0.122,1.2,3.21,0.047,0.002,0.00402,0.00287,0.0,0.0,0.0,0.0,1,1.246,7.0,0,81.502,305.1685393258427,0.543,0.0,0.0,0.0,0.0,0.0,0.0,0.0,0.352,0.0,0.0,0.0,0.0,0.0,0.0,0.0,0.0,0.0,0.0,0.0,0.8210000000000001,1.0,External_Hazard,Not_Applicable,48.17,0,-0.4,0,-0.2,0.0,0.09910000000000002,0.0,546.7199999999998,0.20000000000000018,0.09910000000000002,-0.04500000000000001,2.01,-0.045,-0.00115,0.0,0.0,223.66653932584268,-0.543,0.0,0.0,0.0,-0.352,0.0,0.0,0.0,0.0,0.0,0.17899999999999994,1.0,12.0,0.0,5.0,0.2,0.464,0.152,0.0,0.0,0.0,0.0,0.036,0.0,0.0,0.0,0.2,0.0,0.4085,0.0,1899.73,2.2,0.4085,0.165,0.246,0.064,0.0,0.0,0.0,0.0,0.052,0.0,0.0,9.0,1.8,1005.25,0.099,0.08563,0.0,0.0,1.0,1.268,6.0,0.0,0
